"@ferrlorenzon Não sou idolatra partidária, não desvie. O assunto aqui é João Amoêdo, se quer desviar para Bolsonaro fala dele, p que quiser em seu Twitter, se eu me interessar pela discussão entrarei no debate. Viva o livres, parceiro do Novo, e suas pautas tbm da agenda globalista da ONU.","""location"":""Minas Gerais"
" Brasil"",@jairbolsonaro Bolsonaro eu acho que eles alguns deles foram comprados pela corrupção do PT. O senhor já ouviu o depoimento do Davinte eu eu recebi vários áudios dele denunciando a corrupção dos generais e envolvimento de morte de queima de arquivo, Infelizmente.","""location"":null"
"@tresloukadu @CheioDeSoros @jairbolsonaro O que você falou é o que Bolsonaro prega: \""dar oportunidade para as famílias saírem dessa dependência.\""","""location"":""Rio de Janeiro - Brasil"""
"@veramagalhaes \""A única coisa boa do Maranhão é o presídio de Pedrinhas\"". Que absurdo! Os maranhenses merecem respeito, Bolsonaro. Em 2014, você não ligava pra isso. Não era presidenciável. Notem a agressividade e as palavras de baixo calão usadas pelo deputado.Ele está falando com JORNALISTAS. https://t.co/6I167hLC4e","""location"":""São Paulo"
" Brasil"",A Globo está desesperada!Está atirando pra todo lado!Já sabe que um Ex Militar está liderando todas as pesquisas, aliás fomos governados por Bandidos por décadas , aí tá tudo certo pra Globo , ela tem a fatia delaChora mais que tá poucoBolsonaro Presidente do Brasil ?? https://t.co/bWV8Q5NPaB","""location"":""Rio Grande do Sul"
" Brasil"",@BolsonaroSP @DireitaOficial Tá, foi linda a indignação com os que realmente sabem, mas Bolsonaro já aprendeu algo sobre economia ou sobre outros temas relevantes?","""location"":""Em algum lugar!"""
"@OArturSilvaGono @bernardopkuster Parabéns! Mas o Bolsonaro é o único candidato que esta unindo os monarquistas. Você não entende sobre isso, então nao preciso te explicar. Mas segue @lpbragancabr .","""location"":null"
Dim dim dim o bolsonaro é inutin https://t.co/icUk0975I0,"""location"":""+5521"""
"@beththj @folha vi sua pg vc é so mais uma podre comunista... sua resposta nao seria diferente, vc defende ciro gomes que é um podre, bandido e comunista e fala mau do bolsonaro ... vc é só mais um lixo...","""location"":null"
"@jairbolsonaro Tá pensando diferente desde quando Bolsonaro? Tu é estatizante, cara. Teu passado te condena, embuste.","""location"":""Brasil"""
"Jornalistas e politicos esquerdistas isentoes falam em democracia, mas nao a praticam em seus partidos. Sao donos e escolhem seus candidatos ao executivo de forma democratica. Eu sou candidato. Ou dilma e candidata. Onde estao as convençoes? Kkkk todos ditadores https://t.co/EK9ZSqaEJJ","""location"":null"
"@veramagalhaes Quem tem um filho, irmão ou amigo homossexual deve ver isso. Até outubro, o presidenciável Bolsonaro vai tentar parecer o que não é, vai dizer que mudou, só para conseguir seu voto. Ele também está fingindo que é um liberal na economia. https://t.co/sytefMzo5B","""location"":""São Paulo"
" Brasil"",@LucasMazzi78 @clafritz @mjcosta_ Melhor a retórica bobinha do Marx que a ladainha do Bolsonaro. Ai que saudade do DCE! Em nenhum momento falei que os povos europeus não foram escravizados. Daí pedir retratação aos italianos só na sua cabecinha esquemática. Leia um pouco mais de Chomsky Ano 501 e vê se aprende","""location"":null"
Namore alguém como o Nando Moura olha pro Bolsonaro https://t.co/UjwvazHCqL,"""location"":""moro em casa"""
1h da manhoe eu tentando entender pq os eleitores comuns sao normais e os eleitores do Bolsonaro são psicopatas,"""location"":""Itaperuna"
" RJ"",Gostei de um vídeo @YouTube https://t.co/eE0da3wjMO Bolsonaro explica como é feito o embarque em aviões (MAI/2018)","""location"":null"
Alguém tem dúvida de que Bolsonaro não ganha no segundo turno?,"""location"":null"
"Inacreditável constatar a cada dia que teremos zilhões de candidatos ao Palnalto, mas nenhum com os pré requisitos pro cargo. Menos piores apenas Álvaro, Amoedo e Bolsonaro. Chances reais de vitória só Bolsonaro???","""location"":""Onde o vento faz a curva"""
eu so robo do bolsonaro,"""location"":""Sao Paulo"
" Brazil"",Prá descobrir contas na Suíça, precisamos que as autoridades de lá denunciassem, corrupção na ditadura, quem denunciou foram os americanos, através de um telegrama!Estamos mal!! https://t.co/Ifq2UysZHK","""location"":""Brasil"""
@lauroneto25 Quem é você na fila do pão? Quem está ligando para isso? O que queremos é um candidato ficha limpa. Bolsonaro 2018 e 2022!,"""location"":null"
"meu pai me marcou num vídeo da rede social ao lado, onde um cara estava dizendo como o bolsonaro é bom (isso na pág do alexandre frota)ele literalmente cagou bem cagado no restinho de respeito que eu tinha por eleparabéns seu otário","""location"":null"
@CarlosBolsonaro NUSSSSSSSS O DESESPERO É TAMANHO QUE JÁ ESTÃO APELANDO PARA A DEMÊNCIA ???CHORA MAIS QUE AINDA ESTÁ POUCO ?????? FAMÍLIA BOLSONARO 2018 SEM DÓ NEM PIEDADE ??,"""location"":""Rio Grande do Sul"
" Brasil"",Se acha inteligente no aspecto politica/eleições? Sempre vejo tu debatendo no twitter. — O suficiente p n votar no bolsonaro nem no lula https://t.co/vNwhWeHGX0","""location"":""Santo Ângelo"
" Brasil"",@marcelomadu Em breve, teremos mais um membro da família Bolsonaro na política. Com Renan, serão CINCO mamando nas tetas. Ir para o setor privado, onde ninguém trabalha de terça à quinta, nenhum deles quis. https://t.co/hc78tpPRui","""location"":""São Paulo"
" Brasil"",Realmente todos funcionários na globolixo estão com medo do Bolsonaro ganhar. Td hora Faustão repete a mesma frase, de que não tem mito Salvador da pátria. O seu otário, vc não sabe o que diz, vc quer que a gente eleja PSDB ou pt de novo né?! Mas chega disso!","""location"":""Macaé/ilha do governador-RJ"""
Gostei de um vídeo @YouTube https://t.co/EAADM4OA2Y Bolsonaro explica como é feito o embarque em aviões (MAI/2018),"""location"":""Duque de Caxias"
" Brasil"",ela segue conta de Direita e segue a família bolsonaro JKKKKKKKKKKKKKKKK","""location"":""Rio de Janeiro"
" Brasil"",LEIAM https://t.co/yNleWCsCXW","""location"":""Earth Dimension"
" C-137"",@rosa_riscala Trump no Partido Republicano. Quais os partidos que ganham eleição nos EUA? Bolsonaro no PSL que elegeu 30 prefeitos em 2016, enquanto o PSDB elegeu 803. Se Bolso fosse o candidato do PSDB estaria no jogo de gente grande","""location"":""São Paulo"
" Brasil"",50 ano na cara e se dispõe a discutir com 3 adolescentes Só podia ser eleitor do Bolsonaro mesmo https://t.co/o9QvheOSMu","""location"":""Charqueadas"
" Brasil"",Vai de Ciro, Manu ou Bolsonaro? — Não tenho um candidato ainda! Esse tipo de decisão tem que ser decidido com calma, depois de muit... https://t.co/D5bxYu3M8Z","""location"":""Brasil"""
Quando alguém começa a defender o BolsonaroEu penso: https://t.co/MqAlmnY4h3,"""location"":null"
Gostei de um vídeo @YouTube https://t.co/hvMTdSARZn NÃO É HONESTO - E não é CRISTÃO - Bolsonaro o ASNO !,"""location"":""Boa viagem ceara"""
"digo e repito, se bolsonaro ganhar as eleições eu faço de tudo pra sair do país","""location"":""+fan account"""
"@CiroNeles Pior é quando a critica vem de bolsominion, bolsonaro mudou 9 vezes de partido, contra 7 do ciro","""location"":null"
"Persio tá com inveja pq o Paulo Guedes (conselheiro de Bolsonaro) será o homem mais importante na economia do Brasil.Trump lá, Bolsonaro cá!O Brasil tem solução com @jairbolsonaro e seu time em construção (Paulo Guedes na Economia, Mourão na Casa Civil, ...) https://t.co/D1Pg787sOi","""location"":""Brazil"""
@leandrocimino agora só Deus mas esta história vai mudar vamos votar o único é o bolsonaro e depois criminalizar esse comunismo  o brasil ficou muitos anos no comunismo vamos ter que varrer esses socialistas a cada eleição agora é focar nas eleiçõess e varrer aquele stf temos que ter fé,"""location"":null"
"@ManuelaDavila Problema grave do País não é isso não senhorita, o maior problema do Brasil é a #Corrupção parra de falar merda que discurso manjado aff por isso vou de # BOLSONARO mesmo.","""location"":""Marabá"
" Brasil"",@marinasantosl levaria uns bolsomito antes","""location"":""FFLCH"""
Gostei de um vídeo @YouTube https://t.co/4VURfhkSJo votar no Bolsonaro?????,"""location"":null"
"Eu não voto em bolsonaro, mais depois de todas as justificativas que dou pra que não votem nele perco o debate quando alguém fala assim: ata então vc vai votar em quem? Marina? Kkkk gente mais talvez ela consiga salvar o Brasil com fotossíntese vai saber","""location"":""Parque Avenida Pelinca"
" Campos dos Goytacazes"",@JamesDeam1 Mentira! Vc me desaponta em ser eleitor do bolsonaro.","""location"":""Goiânia"
" Brasil"",@ECantanhede Em breve, teremos mais um membro da família Bolsonaro na política. Com Renan, serão CINCO mamando nas tetas. Ir para o setor privado, onde ninguém trabalha de terça à quinta, nenhum deles quis. https://t.co/hc78tpPRui","""location"":""São Paulo"
" Brasil"",EU N TO ACREDITANDO Q EU AMAVA UM SER HUMANO QUE HJ CURTE A FAMILIA BOLSONARO","""location"":""Rio de Janeiro"
" Brasil"",Aquele momento que as pessoas preferem nao votar mais que votar e com isso fazem que alguem como Bolsonaro chegue ao poder https://t.co/vVJfEKJo9y","""location"":null"
Eita apresentadores pseudos artistas intelectuais...vao ver o q data https://t.co/oGZbxUoEmy,"""location"":null"
Meu deus a menina pastora é da laia dos eleitor do Bolsonaro Jesus amado,"""location"":null"
vai votar no bolsonaro? — deus me livre https://t.co/fAXx7a4Sg6,"""location"":""Paradise City"
" São Paulo"",Quando as crianças vão crescerem? https://t.co/RGaahPOsen","""location"":""Brasília"
" Brasil"",- Bolsonaro explica ae a situação da Venezuela!!!- Ela tá daquele jeito por que tiraram as armas dos habitantes, mas no meu governo minha equipe criará o programa \""Venezuela melhor\"", que visa melhorar a Venezuela...... https://t.co/aYOGhAKvo7","""location"":""Vitória"
" Brasil"",@Gutbyra Se esse fosse mesmo o pensamento do Bolsonaro, ele não seria candidato... É só vc raciocinar e chegará a esta conclusão. A não ser que vc não queira admitir isso pra poder atacar o candidato que não se suja c/ corrupção nem faz parte do stablishmant","""location"":""Brazil"""
A casa caiu...Mas continuarei sendo @jairbolsonaro ?? https://t.co/q1CmQEvnN2,"""location"":""Minas Gerais"
" Brasil"",@folha Deixa uma mulher declarar voto a Bolsonaro, pra vê se não é contra ninguém. Liberdade de opinião/meu corpo minhas regras, só vale pra um lado.","""location"":null"
Gostei de um vídeo @YouTube https://t.co/DmAKD6nmZZ? Bolsonaro?,"""location"":""Jandaia do Sul / Maringa"""
VOCE NÃO VOTA NEM NO GREMIO DA SUA ESCOLA QUEM DIRA NO BOLSONARO EU TO MORRENDOO COM ESSE MENINO KKKKKKKKKKK https://t.co/SLQDhlgfnD,"""location"":""Procura-se um rumo na vida..."""
fico na duvidaVoces preferem piroca na pizzaQueijo no cafeou Bolsonaro presidente?,"""location"":""Cascavel"
" Brasil"",@kibe_lokkoo @_oarroba @jovensreacinhas O mesmo eu digo do Bolsonaro: falar é fácil. Aliás ele fala cada coisa, como se ele pudesse fazer sozinho. E o pior é que muitos levam a sério. Não vou me prolongar mais, só a campanha oficial vai fazer o povo abrir os olhos.","""location"":""Uruguai"""
"@DanVagal Concordo, só espero que um Alckmin da vida não ganhe. Nem Bolsonaro!","""location"":""Sergipe"
" Brasil"",BOLSONARO: O \""CRISTÃO\"" QUE PREGA A MORTE! https://t.co/WfS19qHaFb via @YouTube","""location"":null"
"@larissaignez Você nunca fez piada? Fez de Bolsonaro, não é isso?","""location"":null"
@MiihOliveiraah1 O jogo do Bolsonaro Voador?,"""location"":""São João de Meriti"
" Brasil"",@GiMG__ factos, basta distorcê-los. Mas há fatos bem concretos contra a família Bolsonaro e o PSL também. Esses vocês ignoram, o que mostra que a pauta de vocês não é a que vocês declaram, pois abrem concessões convenientes. E nunca admitem. A coerência não é um valor de vocês.","""location"":""Curitiba"""
dica da noite https://t.co/FfZRPlAWAi,"""location"":""Cuba"""
boa noite só pra quem teve uma foto do bolsonaro te encarando durante a aula de história,"""location"":""Paraná"""
Sai Faustão vai fazer pizza https://t.co/9zYiPYk6rL,"""location"":null"
"Aí sardinha opa sorry Ciro Gomes ??Já está ficando ridículo esses ataques a Bolsonaro.Para que está ridículo,patético é de loravel Sir da inteligência suprema ???Brasil acima de tudo ?? https://t.co/BucRRTzDAA","""location"":""Estados Unidos"""
Jair Bolsonaro na frente nas pesquisas é demais para o meu cérebro :/,"""location"":""Brasil"""
"@jornalnacional A Globo está desesperada!Está atirando pra todo lado!Já sabe que um Ex Militar está liderando todas as pesquisas, aliás fomos governados por Bandidos por décadas , aí tá tudo certo pra Globo , ela tem a fatia delaChora mais que tá poucoBolsonaro Presidente do Brasil ??","""location"":""Rio Grande do Sul"
" Brasil"",Gostei de um vídeo @YouTube https://t.co/m3Huy49qYh FIM DE CIRO GOMES - BERNARDO KÜSTER CENSURADO - BOLSONARO PRESIDENTE 2018","""location"":""Recife-PE"""
"#EXCLUSIVO: EM CARTA JAIR BOLSONARO DEFENDE BOLSA FAMÍLIA \""COM... https://t.co/4gsH4KnIv2","""location"":""Santos"
" SP, Brasil e San Diego, CA, EUA"",@rcp01 Vamos nessa!https://t.co/g33EmcSEMI","""location"":""Aracaju"
" Brasil"",@rosa_riscala Doria não é tido como candidato, se confirmasse, com o tempo de televisão passaria o Bolsonaro fácil.","""location"":""Sao Paulo"
" Brazil"",@marcknho @Tarik_mohad @jairbolsonaro @rodaviva Sempre lembrando que dentro desses brancos e nulos tem o voto \""envergonhado\"" para o Bolsonaro. Assim como aconteceu com o Trump.","""location"":""Brazil"""
"@rosalvobarsa @hidenare @claudia_bigal @editerocha @PierreLourenco @elisangelaqueli @BlogdoNoblat @jairbolsonaro @FlavioBolsonaro @BolsonaroSP @CarlosBolsonaro O bolsonaro sempre votou com a esquerda, descupa vc esta ate careca de saber... e depois vem falar de mimimimim..","""location"":""Paulicéia"
" Brasil"",@BouloseSonia18 Bolsonaro e foda mesmo, com 9 anos de idade já dava discurso na onu","""location"":null"
"@Gutbyra Ei, vovô que um dia foi músico, eu soube que aos quatro anos de idade, o Bolsonaro mostrou a língua pra um coleguinha na creche. Pronto, delicie-se com essa notícia. E não esqueça de chamar a enfermeira pra trocar sua frauda geriátrica, vovô.","""location"":""Brazil"""
"[ENTREVISTA] O SHOW DE PAULO GUEDES, O 1º MINISTRO DE BOLSONARO. https://t.co/lrULldAn1p via @YouTube","""location"":""Localização"""
"o povo me dando unf só pq eu sigo o bolsonaro, gente n quer dizer nada, eu sigo para ficar ligado, é que nem notícia.....zzz","""location"":""Rio Grande do Sul"""
"Desculpa mas as vezes eu penso que para uma mulher apoiar o bolsonaro ela nunca teve medo de estar em qualquer lugar e ser estuprada ou assediada, porque um cara que fala que não estupraria por não merecer/ser feia e então se fosse pelo visto faria, isso é assustador demais","""location"":""Manaus"
" Brazil"",@worserep @badgalton1 ESSE MENINO FAKANDO DO BOLSONARO SOU EU","""location"":""lugar nenhum"""
@joicehasselmann Joice tem decidir se é Bolsonaro ou Doria Se é direita ou esquerdaPq João Doria apoia globalismo e agenda ONU Näo da pra servir 2 deuses,"""location"":null"
"Sobre o babaca Menotti e Fabiano, pergunto.QTS SAMBISTAS DE VERDADE TIRARAM FOTO OU DECLARARAM APOIO AO BOLSONARO?","""location"":""Volta Redonda RJ."""
"A grande diferença do poder360 pros outros institutos é q sua pesquisa é feita por tel, sem ser cara a cara com entrevistador.Isso explicaria o fato do Bolsonaro estar melhor nas pesquisas deles exatamente pela vergonha de se admitir o voto nele pra 1 pessoa. Efeito Trump https://t.co/r2hoClzCgP","""location"":null"
rindo muito!!!! https://t.co/4b4EAek7Dx,"""location"":""São Paulo"
" Brasil"",Enviei a foto q Fernanda enviou no gp da sala no grupo da família, do bolsonaro apertando um baseado, familiares quase enfartaram","""location"":""Arraial do Cabo Rj"""
Zé droguinha — Seu pai aquele defensor do Jair Bolsonaro https://t.co/Ib8grpy8UB,"""location"":""Em qualquer bar por ai"
" Brasil"",Pérsio Arida, àquele que, quando presidente do BC no governo FHC, foi acusado de repassar informações privilegiadas sobre a desvalorização do Real para o amigo Fernando Bracher, então presidente do BBA, é guru econômico do MAlckimin. Falou o q falou para ñ ser demitido novamente. https://t.co/TdAcJHbUjK","""location"":""Brasil"""
"Gente eu não sou a favor do Bolsonaro ganhar a eleição, mas vocês ja pararam para pensar, que de tanta bosta que ele fala e faz, ele pode mudar o nosso BRASIL, ele é capitão do exército e Deputado Federal, ficha limpa, sem envolvimento nenhum nessas porcaria toda! #Brasil","""location"":""São Simão"
" Brasil"",@senhordeivid Vei , você sabe que xingar pessoas que você nem conheçe o que ele faz de verdade , lê uma noticia qualquer e ainda acredita , essa geração nutella é foda. Bolsonaro neles.","""location"":null"
"não, nunca vi esse jogo KKK https://t.co/fvMJFwu4cr","""location"":""Rio de janeiro """
@georgemacedo Eu não vou suportar viver nesse país com Bolsonaro presidente.,"""location"":null"
MEI PRESIDENTE É FDISSO AE TAMOJUNTO#BOLSONARO https://t.co/18b0JKQ5U1,"""location"":null"
"Direita stalinista, liberais q depredam a lei.Parabéns a @josefucs q,ao contrário de tantos coleguinhas,tem coragem de chamar Bolsonaro pelo q ele é: um embuste. Nesta crise política,institucional,moral e econômica,presidida pela crise de sinapse, certo jornalismo piora tudo https://t.co/djgaPEhz5e","""location"":""Ubatuba"
" Brasil"",Ansioso pra ver o Bolsonaro ser engolido nesses debates da Band ?","""location"":null"
Vota no Bolsonaro que resolve minha senhora. https://t.co/0F5z7Jf65D,"""location"":""Porto Alegre"
" Brasil"",Pra exemplificar essa mudança peguei de ex meu irmão que é totalmente team bolsonaro \""direita opressora\"" e tudo mais esses dias ele tava tentando argumentar algo cmgo e eu dei risada pq me dei conta que eu pensava extamente q nem ele  anos atrás rsrs foi muito engraçado perceber","""location"":null"
"estava eu, Emanuel e Gabi tendo uma conversa civilizada, até q a Gabriela me solta um \""Bolsonaro 2018 e pronto\"" Ah mano","""location"":""hogwarts"""
"@GilbertoBarros Quem tem um filho, irmão ou amigo homossexual deve ver isso. Até outubro, o presidenciável Bolsonaro vai tentar parecer o que não é, vai dizer que mudou, só para conseguir seu voto. Ele também está fingindo que é um liberal na economia. https://t.co/JNUhx6nFaN","""location"":""São Paulo"
" Brasil"",quando vejo uma montagem dessas só que com o bolsonaro me vem automaticamente essa montagem do Hitler https://t.co/KrbNGNqWWE","""location"":null"
"@GilbertoBarros \""A única coisa boa do Maranhão é o presídio de Pedrinhas\"". Que absurdo! Os maranhenses merecem respeito, Bolsonaro. Em 2014, você não ligava pra isso. Não era presidenciável. Notem a agressividade e as palavras de baixo calão usadas pelo deputado.Ele está falando com JORNALISTAS. https://t.co/KxW6dlH7XQ","""location"":""São Paulo"
" Brasil"",A midia comunista e os esquerdinhas light dizem que o @jairbolsonaro é radical.Falar que bandido tem que ser tratado como bandido é radicalismo????Ser enfático contra a inversão de valores é radicalismo?????#ForaMidiaComunista #ForaComunistas https://t.co/ULvPjU6bYQ","""location"":""Brazil"""
"Você já deve ter visto, mas...@heycaulfield  euri https://t.co/Xr6zceQO6e","""location"":""Hogwarts"""
"@skaliv @jantoniochilo @GuilhermeBoulos Mano, quem está defendendo bandido aqui é vc!Vc diz que odeiam a esquerda, e é verdade!As pessoas não querem viver assim!Guiados por bandidos corruptos como o Lula!Se alguém acredita no bolsonaro algum motivo tem, o fato dele não ser corrupto ajuda muito!","""location"":""Porto Seguro"
" Brasil"",@RedeGlobo ??@JairBolsonaro Presidente do Brasil.A esquerdalha/bandidagem treme.#Bolsonaro2018#BolsonaroPresidente#SomosTodosBolsonarohttps://t.co/GfwxiU1jAk @CarlosBolsonaro#GloboLixo #Bolsonaro #eleicoes2018 #globo #segundosol #jornaldaglobo #encontro #fantastico #rodaviva","""location"":""Brasil"""
"Vai votar no Bolsonaro? — Deus me defenderay, melhor votar em branco https://t.co/JUWwNufHiO","""location"":""Auriflama"
" Brasil"",@GilbertoBarros Receber R$ 622 mil em auxílio-moradia, mesmo tendo apartamento em Brasília, não é coisa de gente honesta. Bolsonaro embolsa pouco mais de R$ 30 mil por ano há 20 ANOS (https://t.co/tloQdNDrG0). Irritado com a divulgação feita pela imprensa, o deputado reage com a usual grosseria. https://t.co/lP5BOrQlmO","""location"":""São Paulo"
" Brasil"",@conexaopolitica Que lixo? Deus nos livre destas maldições, já somos atormentado pela turma do satã, chega Bolsonaro nele com a cruz e a espada","""location"":""Republica de Curitiba"""
ae galera aquele tutorial de unfollow nos seguidores do bolsonaro vale pro otariano tb viu,"""location"":""São Paulo"
" Brasil"",podem me chamar d bolsonaro","""location"":""cg"""
"@GilbertoBarros Em breve, teremos mais um membro da família Bolsonaro na política. Com Renan, serão CINCO mamando nas tetas. Ir para o setor privado, onde ninguém trabalha de terça à quinta, nenhum deles quis. https://t.co/hc78tpPRui","""location"":""São Paulo"
" Brasil"",@nytimesworld O Bolsonaro filipino é sem noção.","""location"":""Brasil"""
@polpafiction sou bolsomito né irmã,"""location"":null"
"É uma lástima que 35 porcento do povo votam em lula e 15 porcento vota em bolsonaro. Não resta sanidade o suficiente para equilibrar uma democracia. Assim, a conclusão é uma das piores possíveis!","""location"":null"
Pessoa inocente é aquela que diz que se Bolsonaro for eleito presidente irá acabar com o crime no país ??,"""location"":""Guarapuava"
" Paraná"",@o POVO diz gigantesco não a Bolsonaro e a direita podre!@PorLulaLivre https://t.co/54KPJ0bO2c","""location"":null"
"@VaIehomossexuaI Esse tt foi para tentar queimar o Bolsonaro? Se defender contra a homofobia, é nos tribunais, contra um atentado a sua vida, com uma arma, caso tenha a disposição. ?","""location"":null"
E A GREVE? BOLSONARO/PETISTAS/BRASILEIROS/INTERVENÇÃO https://t.co/gIfV6XO9WT via @YouTube,"""location"":""Salvador"
" Brazil"",quem eh o loco que deu rt num tweet do bolsonaro quem","""location"":""santa catarina"""
"Trump lá, Bolsonaro cá!O Brasil tem solução com @jairbolsonaro e seu time em construção (Paulo Guedes na Economia, Mourão na Casa Civil, ...)#ForaMidiaComunista Globolixo, foice de sp, uol, rodaviva, ...#ForaComunistas https://t.co/hu6qDua4M8","""location"":""Brazil"""
se mulheres existem graças a deus pq elas existem https://t.co/lArN54BCct,"""location"":""penhão"""
"Faltam 10 dias pra Copa do Mundo, porém não vamos perder o foco na política pois é ano de eleição e vamos eleger Bolsonaro.","""location"":""Igarassu-PE"""
Desculpa me meter mas tem um pessoal defendenso a perversa que me lembra mt bolsominion defendendo o bolsonaro,"""location"":null"
Gostei de um vídeo @YouTube https://t.co/4yesK6ZaTP MANDA A REAL SOBRE BOLSONARO | Jacaré de Tanga,"""location"":""Campo Grande MS"""
Gostei de um vídeo @YouTube https://t.co/0sZW1kERNN de Lula tenta intimidar Bolsonaro mas passa vergonha,"""location"":""Osasco"
" São Paulo"",Eu só to vivendo para ver o Bolsonaro no debate político.","""location"":""Araraquara"
" Brasil"",@otaviomesquita Em breve, teremos mais um membro da família Bolsonaro na política. Com Renan, serão CINCO mamando nas tetas. Ir para o setor privado, onde ninguém trabalha de terça à quinta, nenhum deles quis. https://t.co/hc78tpPRui","""location"":""São Paulo"
" Brasil"",@otaviomesquita Quem tem um filho, irmão ou amigo homossexual deve ver isso. Até outubro, o presidenciável Bolsonaro vai tentar parecer o que não é, vai dizer que mudou, só para conseguir seu voto. Ele também está fingindo que é um liberal na economia. https://t.co/RhPP9PrwXx","""location"":""São Paulo"
" Brasil"",@jairbolsonaro Estão bastante preocupados.É fraqueza.Pra cima deles...Bolsonaro agora.","""location"":""Casa Verde"
" São Paulo"",PORQUE BOLSONARO É O: Cortar imposto, aumentar gasto com welfare, cancelar reform….","""location"":""Osasco"
" Brasil"",@otaviomesquita \""A única coisa boa do Maranhão é o presídio de Pedrinhas\"". Que absurdo! Os maranhenses merecem respeito, Bolsonaro. Em 2014, você não ligava pra isso. Não era presidenciável. Notem a agressividade e as palavras de baixo calão usadas pelo deputado.Ele está falando com JORNALISTAS. https://t.co/VtvqTaG4jZ","""location"":""São Paulo"
" Brasil"",I liked a @YouTube video https://t.co/niqDk1kvDQ Eduardo Bolsonaro explica como é feito o embarque em aviões (MAI/2018)","""location"":""Bromley"""
?Bolsonaro arrasa matéria do JN e manda recado a Rede Bobo: Estão com medo de que? https://t.co/u8XWTDrtTz https://t.co/akzOU3FwV6,"""location"":null"
"@ferrlorenzon O assunto aqui é o Novo, toda vez vocês fazem esses desvios p/c/o Bolsonaro. Já dei a sugestão, faça vídeo, fale o q vc quiser dele e dos filhos, aí discutiremos Bolsonaros. Não há distorção, está bem ilustrado e eu mesma anexei várias imagens, quem quiser verá. Segue novamente? https://t.co/iqZAk7ZMwS","""location"":""Minas Gerais"
" Brasil"",@otaviomesquita Receber R$ 622 mil em auxílio-moradia, mesmo tendo apartamento em Brasília, não é coisa de gente honesta. Bolsonaro embolsa pouco mais de R$ 30 mil por ano há 20 ANOS (https://t.co/tloQdNDrG0). Irritado com a divulgação feita pela imprensa, o deputado reage com a usual grosseria. https://t.co/qUeEngtUjh","""location"":""São Paulo"
" Brasil"",Eu quando alguém q eu gosto diz q apoia Bolsonaro https://t.co/QcOHq2s4co","""location"":null"
"o meu crush é lindo demais nossa nossa, mas ai eu lembro que ele apoia o bolsonaro","""location"":""São Paulo"
" Brasil"",@valdemar_chicao @nrz_ @gabrelsla @gleisi @Estadao Meme de Bolsonaro. O idiota acha que ofende alguém com isso. A ofensa mesmo é a burrice desse.","""location"":""Stalingrad"""
Bolsonaro nem foi eleito e ja tem gente andando armada  kkk https://t.co/XyFOp3PO3J,"""location"":null"
@Ligia120808 @CarlosBolsonaro Nosso !!!! Fechado com Bolsonaro.  Não adianta a esquerda espernear: Em 2019 o povo terá @jairbolsonaro como Presidente da República !!!!,"""location"":""Coxinhópolis"
" Brasil sem PT"",@pablovillaca E aposto de voto no Bolsonaro!!!????","""location"":""São Paulo - SP"""
VC NAO VOTA NEM NO GREMIO DA SUA ESCOLA QUEM DIRA O BOLSONARO KCKCKDKFKEKDJRODNSOSJSKDJNSBDHSHS,"""location"":null"
"Valeu, menina. Simpática, linda e do lado certo. Parabéns. Vamos à vitória. https://t.co/ZloWgasmJi","""location"":""Teresina"
" Piauí, Brasil"",Jair Bolsonaro se vende como um candidato conservador antiabortista, mas disse à revista IstoÉ Gente, em 2000, que o aborto deveria ser “uma decisão do casal”.Bolsonaro: “Aborto tem de ser uma decisão do casal” - https://t.co/jhmcJRkMyC","""location"":""?? ??"""
"troféu de ranço do dia vai para o meu tio que ta defendendo Bolsonaro com o argumenta de que ele não é intolerante e sim verdadeiro demais, por hoje é só pessoal","""location"":""VassVegas"""
@Boscardin @MonicaVivaBR O mesmo filho que ele pensou em abortar agora usa para fazer politicagem. Canalhice puraBolsonaro: “Aborto tem de ser uma decisão do casal” - https://t.co/jhmcJRkMyC,"""location"":""?? ??"""
Bolsonaro 2018 apoia? — Nunca https://t.co/o8ZmMS1sHv,"""location"":""Pinhalzinho"
" Brasil"",\""Bolsonaro na MAÇONARIA\"", Jair Bolsonaro é MAÇOM ou não? Bolsonaro discursa dentro da Maçonaria https://t.co/AmXiyFC9MO","""location"":""Ituporanga"
" Brasil"",alguem me manda aquele meme do bolsonaro com cara de criança PSE MAN GERAÇÃO MIMIMI","""location"":""RS"""
"Ninguém merece uma hora dessas receber mensagem de eleitor de Bolsonaro no WhatsApp, atrapalhando minha leitura da madrugada com essas bostas de mensagens chatas pra caralho, que ódio","""location"":null"
"O lance é que o namobosta da minha prima é bolsomito do caraio e ainda mandei assim \""manda po seu boy, vai que..\"" detalhe: amiga da@ é lésbica e ela ficou ??????Sorte que ela imaginou que era um engano e veio me perguntar kkkkk pensa nas vergonha, nasss","""location"":""Goiânia"""
"Os ricos são os donos do estadoQue ainda são os filhos dos senhores de escravosQue dizimaram os índiosCompraram os revolucionários ou mataramEm nome de um \""Cristo\"" como o de Bolsonaro...","""location"":null"
"@rcp01 Ue, mas segundo pesquisas do @mamaefalei  as mulheres não votam no Bolsonaro, que ta havendo ai?","""location"":""Curitiba -PR"""
General diz que exercito não apoia Bolsonaro https://t.co/glbOqMEyo6,"""location"":""Ituporanga"
" Brasil"",Juro que não entendo o que eleitor de Bolsonaro faz no twitter qnd tem a outra rede social lá pra eles","""location"":null"
alguém pfv leva o bolsonaro e trás de volta os dinossauros obg,"""location"":null"
"meu cérebro, tentando destruir a minha vida: o Mr. Rogers parece o Bolsonaro","""location"":""Criciúma"
" SC"",@Doouze escreve robô do bolsonaro nela","""location"":null"
"@fuscatvrss Não é feio nada, relaxa!Feio é homem, branco, hetero eleitor do Bolsonaro.","""location"":""Belo horizonte"
" MG"",Coloquei no #RodaViva pra tentar ver a entrevista do Álvaro Dias. Não aguentei 5 minutos. Nem foi só pelo AD, mas tb pela chatice que virou o programa depois que o @augustosnunes saiu. Só não vou perder no dia da entrevista do Bolsonaro. Pq aí não tem marasmo, vai pegar ? rsrs.","""location"":""Brazil"""
@Daikisad @thedarkcall pipa vai ser o novo bolsonaro,"""location"":""no seu celular ou pc"""
Sou eu o tiririca — Bolsonaro https://t.co/J11EdtMaj9,"""location"":null"
"Copa e eleição no mesmo ano, OLHA A MERDA QUE VAI SERIr no bar e ver a cara do Bolsonaro na TV u.u","""location"":null"
@allanldsantos A #globolixo mostrando sua cara!! Estão todos juntos pra fuder com o Brasil !!#bolsonaro neles,"""location"":null"
"Mas o que esperar de quem apoia Jair Messias Bolsonaro, não é mesmo?","""location"":""Rio de Janeiro"
" Brasil"",Alckmin e Dória, somados, não tem metade dos votos do Bolsonaro. Que fase, PSDB! Candidato de centro é o meu ovo! https://t.co/6q1OxLDvMQ","""location"":""São Paulo - Brasil"""
"@skaliv @jantoniochilo @GuilhermeBoulos A justifica os ganhos do Bolsonaro! E o animal, essa fake news não cola!Porque o Bolsonaro foi processado e absolvido!Afora explica ai, como lula e seus filhos ficaram tão ricos da noite pro dia?Joga la no google!","""location"":""Porto Seguro"
" Brasil"",@PMM_alt karalhor bolsonaro é mito d+","""location"":null"
"#JornaldaGloboJá  teve a sessão falar mal de Trump?LULA, TRUMP \u0026  BOLSONARO ESSES SÃO OS INIMIGOS da #GloboLixo.Os amigos são os TUCANOS que ela quer eleger https://t.co/KXNiJFWbHm","""location"":null"
tem garota bonita flertando comigo porem ela apoia o bolsonaro\u003e uma garota\u003e que apoia o bolsonaro\u003e flertando comigo\u003e UMA GAROTA,"""location"":""rose \u0026 sunflower"""
"Como diz o deivid, só não faço parte do satanismo, porque o temer já faz parte ? https://t.co/NYYSCnwg2l","""location"":null"
"#JornaldaGlobo#GloboLixo apoiou a tomada do poder por TEMERTODOS perceberam que a #GloboLixo ajudou Temer traidor.Todo dia falam mal de LULA, Trump e quando podem falam mal dos militares (que ela apoiou antes) pra atingir BOLSONARO https://t.co/r7t2xCLxR3","""location"":null"
"@WeldsonGuedes @gmousinho @bernardopkuster Já sei dessa história com Patriotas. Conheço bem o histórico do Bolsonaro, votei nele em 2010. Não é minoria. E o PSL é vendido como legenda renovada e de viés conservador atualmente. Foi a mesma coisa com o Patriotas. Foi a mesma coisa com o PSC.","""location"":""Rio de Janeiro"""
"Acabo de ler \""apoio a intervenção militar caso o Bolsonaro não consiga governar\"". O cenário que estão desenhando.","""location"":""São Paulo"
" Brasil"",tu acha ruim dizerem q se tu curte rap e apoia bolsonaro tu é hipócrita?","""location"":""Santa Maria"
" Rio Grande do Sul"",@LawyerTarbean @nadanovonofront Segundo uma reportagem que a Folha fez a respeito, foi dito que a \""aclamação\"" do candidato foi localizada, e partiu dos seus próprios correligionários. No evento em si, Bolsonaro não discursou e os donos da festa não lhe concederam nenhuma atenção especial. Será que procede?","""location"":""Marília - SP"""
vou dormi https://t.co/xwxQkHEomx,"""location"":null"
"Há dois vídeos feitos por um conservador, apoiador do Bolsonaro e membro do PSL, criticando com veemência a vereadora Janaína Lima do Partido Novo usando a velha retórica da velha política de desqualificar os... https://t.co/xEEOVaRrzJ","""location"":""Porto Alegre"
" Brazil"",(Mal) posso esperar pela coligação Rede + PSDB.A tendência é a Marina se apoiar nos candidatos Estaduais do PSDB e ficar com o picolé de chuchu de vice.Registre-se. https://t.co/8UQffbrn4a","""location"":null"
"@larissaignez Quando começar a trabalhar, saberá o peso do imposto e votará em Bolsonaro. Ou já trabalha? O que é isso no seu nariz? Você trabalha em alguma fazenda?","""location"":null"
@A_Flavinha_A Segue no facebook luiz Bolsonaro,"""location"":""São Paulo"
" Brasil"",bolsonaroarrota grosso e fala fino","""location"":""Londrina-PR"""
"a primeira cypher lgbt na América Latina aí vem um monte de guardinha do rap falando \""Bolsonaro 2018\"" \""daqui a pouco é a Pablo Vittar\"" VOCÊS GOSTAM DE RAP MESMO???","""location"":""São Paulo"
" Brasil"",Geração Pateta que vai votar no Bolsonaro","""location"":""Brasília"
" Brasil"",QUE SAUDADE https://t.co/HTZraDeRut","""location"":""??"""
"Pesquisa Poder 360 de hoje, Cenário 1 (sem Lula): Bolsonaro 25%, Ciro 12%, Haddad 8%, Alckmin 7%. Marina e Alvaro Dias 6%. https://t.co/9ryoW6YPzV","""location"":""Goiânia/GO"""
A mídia agora vai mostrar os podres deles!!! https://t.co/QxXx5DBkCK,"""location"":""Rio de Janeiro"""
@rodri_sandeo o bolsonaro eu tô com muito medo pq ta bem parecido. baixa porcentagem nas pesquisas e etc mas muita gente apoiando por fora,"""location"":""Málaga"
" España"",vocês também exclui pessoas que são fãs de bolsonaro? pq eu sim","""location"":""Curitiba"
" Brasil"",Estão com medo de você, meu amigo Bolsonaro, porque é honesto e porque quer um Brasil mais justo e melhor. Vá em frente. https://t.co/ofnO0tt6Pu","""location"":""Teresina"
" Piauí, Brasil"",@WeldsonGuedes @gmousinho @bernardopkuster Não tô falando de críticas aleatórias. Tô falando de eleitores do Bolsonaro criticando o Bolsonaro e o PSL. Este é o ponto inicial dessa discussão. Quero ver o Bernardo usando o mesmo tom que usou com o NOVO.","""location"":""Rio de Janeiro"""
"Bolsonaro: incitação ao estupro, apologia a tortura e racismoFlávio Rocha: condenado por trabalho escravoMagno Malta: indiciado na Máfia dos Sanguessugas“Bispa” Sonia Hernandes: estelionato, falsidade ideológica e lavagem de dinheiro...Jesus teria vergonha alheia! ? https://t.co/xxkV6HTfTG","""location"":""Rio de Janeiro"
" Brasil"",Essa é pra vc @Reyiero https://t.co/hFEz8OP3hT","""location"":""São Paulo"
" Brasil"",@diarioonline Mídia esquerdista.Bolsonaro 2018 !!!","""location"":""AMANARI"""
"@Vieira_Mari6 Boa noite, oque vocês acha do Bolsonaro?","""location"":""Rio de Janeiro"
" Brasil"",Me ha gustado un vídeo de @YouTube (https://t.co/G8I0giaVcv - Eduardo Bolsonaro explica como é feito o embarque em aviões","""location"":""Brasil"""
hoje eu presenciei uma imagem do Bolsonaro ser colada com cuspe no quadro,"""location"":""Paraná"""
"@joicehasselmann @CidaCrivelaro Está na hora das ORGANIZAÇÕES GLOBO jogarem a TOALHA, porque o Bolsonaro irá CUMPRIR o que prometeu. Retirar da mídia todo FINANCIAMENTO de mentiras com o dinheiro do povo brasileiro.","""location"":""Rio de Janeiro - Brazil"""
fui obrigado a rir sozinho na aula com meu querido colega falando que o bolsonaro vai mudar o país se elegendo kkkkkkk,"""location"":""Rio Grande do Sul"
" Brasil"",@LucasFFdSilva @WesJanson @allanldsantos FATOR POVO, quem são os atores do vídeo? são petebas amestrados, ou pessoas comuns, vcs não qrem  ver a vdd, o povo se cansou desse papinho de viado, relho nos vermelhos.   Pode chamar Bolsonaro de td, menos de corrupto, copiou! https://t.co/axXmDGqpTt","""location"":""Santa Catarina"
" Brasil"",#JornaldaGloboJá  teve a sessão falar mal de Trump?LULA, TRUMP \u0026  BOLSONARO ESSES SÃO OS INIMIGOS da #GloboLixo.Os amigos são os TUCANOS que ela quer eleger https://t.co/WUgbEuwdY2","""location"":null"
to apoiando nem mh atitudes qm dira o bolsonaro,"""location"":""rj///bandida"""
Se tiverem estômagos leiam os comentários. Tem cada desgraça...? https://t.co/tJxo6laRlt,"""location"":null"
"Não é só Bolsonaro ou PT... sempre convém observar os candidatos menos prováveis pois geralmente são estes os com mais ideologia e legitimidade p governar o país. Como foi o Enéas, o Plínio de Arruda entre outros.. https://t.co/Todw2DlU9l","""location"":""Marataízes"
" Espírito Santo"",? URGENTE: MILITAR DO EXÉRCITO VEM A PÚBLICO - RECADO PARA BOLSONARO https://t.co/QZG9bATxQo","""location"":""Ituporanga"
" Brasil"",#JornaldaGlobo Filme (YouTube) que mostra claramente documentos que a CIA torna publicos a cada 50 anos mostrando inclusive a participação da #GloboLixo nas manipulacoes. Agora ela usa essas materias pra atingir BOLSONARO.Tirou Lula do CAMINHO do PSDB.?https://t.co/25q2k6P4y2","""location"":null"
"@soldado_do_amor @bernardopkuster Você é que não está me entendendo. \""Esquerdagem\"" é \""esquerdagem\"", jovem. Não falei que são os mesmos pontos criticados. As falhas existem dos dois lados. Mas não vejo o Bernardo atacando o Bolsonaro/PSL como fez com a Janaína/NOVO. Mesmo sendo nessas outras falhas.","""location"":""Rio de Janeiro"""
"Mandei uns versículos pro cara, nem 1 virgula sobre bolsonaro, mas o esquerdista pirou kkkkkkkkkkkkkk https://t.co/5Kt8DNyE1Z","""location"":""Brasil"""
Daí tu tá  num papo massa com o boy e descobre que é eleitor do Bolsonaro... ?,"""location"":""Guararema"
" Brasil"",Gostei de um vídeo @YouTube https://t.co/RPfKcGQGzz Hidromassagem nova do Bolsonaro","""location"":""Itanhaém"
" Brasil"",Eles estavam assaltando e mandaram recado pro Temmer, Lula e Bolsonaro.Deixe seu comentário... https://t.co/dLMwRn2Q12","""location"":""Brasil"""
@yagomelo16 Segue o líder. Obs: Não é só o Flamengo é o Bolsonaro tambem.,"""location"":""Rio de Janeiro"
" Brasil"",\""Multa por maus-tratos a animais pode chegar a 40 salários mínimos no DF\"" Bolsonaro legislando em causa própria","""location"":""Porto Alegre"
" Brazil"",@comunacritico @bebummineiro Fico pensando: Deviam procurar saber quantos livros Bolsonaro leu!","""location"":""Recife"
" Brasil"",@aguedescartoon Ou seja, Bolsonaro estava certo, está certo e, se errou no passou ou se errar no futuro, tudo bem, afinal, ele não é São Francisco de Assis. Parei.","""location"":""Ubatuba"
" Brasil"",eu vou meter o pau nesse povinho que cagar pelos dedos falando que bolsonaro eh mito","""location"":null"
"@ComentoRealitys Ta zuando né , se cara apoia o Bolsonaro ?","""location"":""Guararema"
" Brasil"",Estranha pesquisa de DataPoder.. porque Bolsonaro perde 3 % se mudar Alckmin para Doria , sendo que Doria tem menos percentuais ? Tipo, para 3% dos entrevistados, se Alckmin for candidato, voto vai para  Bolsonaro. Se Doria for candidato, quem vota... https://t.co/Qnjs1OJl4i","""location"":null"
"Acho q Deus não poderia ter me castigado mais, tenho um vizinho funkeiro, tem no carro dele o adesivo do banho Bolsonaro, é gremista fanático... Com certeza a pior pessoa do mundo.","""location"":""Cachoeirinha"
" Brasil"",@aguedescartoon Ou seja, Bolsonaro estava certo, está certo e, se errou no passou ou se errar no futuro, tudo bem, afinal, ele não é São Francisco de Assis. Ora, isso serve para qualquer político da perspectiva de quem o defende. Parei.","""location"":""Ubatuba"
" Brasil"",Bolsonaro Mitando Encara Diversas Perguntas nos Caminhos do Brasil https://t.co/5iXyasLmTy via @YouTube","""location"":null"
"FALSA EH ESSE SEU FEMINISMO, BOLSONARO 2018 PORRA https://t.co/gWBZscKm3A","""location"":""· netflix"
" magic?lk, asi?nrp,· netflix, magic?lk, asi?nrp, ?nfre?k, wol, gol, wrd _ rpbr  O5:48 _ D?nny's property — ?"",@mariluciferraz @CheioDeSoros O deturpador do Bolsonaro é o próprio Bolsonaro.","""location"":""Taubaté - SP"""
@Patrissia19 @CauliflaGod1K @_SonGokuOfc @CauliflaDiva @MateusD41390525 @YtSonGoten Meu amigo bolsomito vai te dar aquele coraçaozin https://t.co/IDJSPyYvIi,"""location"":""Na casa dos meus pais (do TT)"""
não sabe/não respondeu tem mais que o psicopata office-boy do Real https://t.co/sQA4nMi16y,"""location"":""BH"""
eu tenho um asco dessa geração #ilhadamacacada ou #cdg ou #sam que apoia temer / bolsonaro e cia no facebook com tanto afinco que não sei se estão me logrando ou são retardados mesmo.,"""location"":""Porto Alegre"
" Brazil"",eu tenho um asco dessa crianças #ilhadamacacada ou #cdg ou #sam que apoiam temer / bolsonaro e cia no facebook com tanto afinco que não sei se estão me logrando ou são retardados mesmo.","""location"":""Porto Alegre"
" Brazil"",Hoje lanço minha campanha a Pre presidente do Brasil! Sei da dura tarefa de salvar esse povo das garras do demônio da corrupção.#lucianohuck #josesimao #LulaPresidente #Bolsonaro #jairbolsomaro @beltraomaria @jairbolsonaro @LulapeloBrasil @LucianoHuck","""location"":""Brasília"
" Brasil"",felizmente grande parte do eleitorado de bolsonaro será sub16 até outubro e daqui a quatro anos vão achar outro retardado pra apotosear.","""location"":""Porto Alegre"
" Brazil"",@GabrielWiil Mt bom mano \""sigo o caminho do GPS\"",\""tu tem 5 anos e quer votar em Bolsonaro\""Kkkkkkkkkkkkkkkkkkkk","""location"":""Brasília"
" Brasil"",Seguir o Bolsonaro só pra ver a foto dele rindo pra caralho do lado de notícias de violência não tem preço. https://t.co/xKKMBUpG32","""location"":""Reach"""
Sexo pig pra mim é fazer sexo com eleitor de bolsonaro,"""location"":null"
"Ciro Gomes vem perdendo força na disputa contra Bolsonaro no 2° turno, no Datafolha de 16/04 deu 35% x 35%, na CNT/MDA de 14/05, Bolsonaro 28,2% e Ciro 24,2%, na pesquisa da XP de 26/05, Bolsonaro 37% Ciro 29%, agora na Datapoder de 31/05 a difença ampliou, Bolsonaro 34% Ciro 21% https://t.co/aMCb4rZbur","""location"":null"
aqui podemos observar que o bolsonaro (que eu realmente não sei quem é) conhece mais da minha vida que meus amigos https://t.co/Nw6zqzF801,"""location"":null"
"Oi @realwbonner tenho visto que a emissora a qual o senhor e representante, e tem o telejornal de maior audiência do país, não fala de pesquisas eleitorais para presidente, não tem nada haver o 1° ser o @jairbolsonaro não, né?Longe disso? https://t.co/Wl9RohF6JX","""location"":""Belo Horizonte - MG"""
@gilmarmendes Bolsonaro vai dar lhe um pé na bunda!,"""location"":null"
O Fermento dos Fariseus Hipócritas!!! https://t.co/kTa96sBOHA,"""location"":""Fortaleza/Ceará/Brazil"""
"@RedeGlobo @jornalnacional fez reportagem confusa sobre sítio de Temer e repetiu outros fatos. Temer não merece defesa, mas destaco pq p/ morder Lula, tem que morder e assoprar Temer. JN destaca tb corrupção na ditadura militar. Está tentando matar o monstro que criou, Bolsonaro","""location"":null"
"@leonelsengia @_WayForRight_ @marcelvanhattem @DeicideUH @partidonovo30 Se Jair Bolsonaro escolheu Paulo Guedes para ser seu ministro da fazenda, você acha que as políticas desse governo serão estatizantes e burocráticas ou liberais? É só pensar sem preconceitos! Ele é a maior chance que temos de vencer a esquerda nessas eleições!","""location"":""Itajubá"
" Brasil"",Gostei de um vídeo @YouTube https://t.co/jEIiKf1jGI Bolsonaro explica como é feito o embarque em aviões (MAI/2018)","""location"":""Brazil"""
Seu raciocínio lógico diz o que?Doria Governador - Bolsonaro PresidenteOuDoria Governador - Alckmin Presidente https://t.co/nNmMyOjCrD,"""location"":""São Paulo - Brasil"""
"@BrunoBernos @jairbolsonaro \""ah, foi no passado, ele mudou\"" dirão.Pra mim, Bolsonaro e luladrão são 2 lados de uma moeda inútil.","""location"":""Santo André"
" Brasil"",@LedaNagle @YouTube Quem tem um filho, irmão ou amigo homossexual deve ver isso. Até outubro, o presidenciável Bolsonaro vai tentar parecer o que não é, vai dizer que mudou, só para conseguir seu voto. Ele também está fingindo que é um liberal na economia. https://t.co/5Nviua6YkE","""location"":""São Paulo"
" Brasil"",acabei de dar unf em quem segue bolsonaro, ai que alivio","""location"":null"
@EvertonHepp @crauss82 Tchê...Tu vai votar em Bolsonaro e tá esperando algo de alguém? ?,"""location"":""Porto Alegre"""
Trump apoia Bolsonaro??______?? X ??______? https://t.co/YDD97KuHdL,"""location"":""Brasil """
"@LedaNagle \""A única coisa boa do Maranhão é o presídio de Pedrinhas\"". Que absurdo! Os maranhenses merecem respeito, Bolsonaro. Em 2014, você não ligava pra isso. Não era presidenciável. Notem a agressividade e as palavras de baixo calão usadas pelo deputado.Ele está falando com JORNALISTAS. https://t.co/hfAE356J2m","""location"":""São Paulo"
" Brasil"",Tasso lança fã de Bolsonaro contra PT no Ceará https://t.co/WNAqzTJyZv","""location"":null"
"@LedaNagle Receber R$ 622 mil em auxílio-moradia, mesmo tendo apartamento em Brasília, não é coisa de gente honesta. Bolsonaro embolsa pouco mais de R$ 30 mil por ano há 20 ANOS (https://t.co/tloQdNDrG0). Irritado com a divulgação feita pela imprensa, o deputado reage com a usual grosseria. https://t.co/YgLLuROP3K","""location"":""São Paulo"
" Brasil"",@LedaNagle Em breve, teremos mais um membro da família Bolsonaro na política. Com Renan, serão CINCO mamando nas tetas. Ir para o setor privado, onde ninguém trabalha de terça à quinta, nenhum deles quis. https://t.co/hc78tpPRui","""location"":""São Paulo"
" Brasil"",Bolsonaro vai ser presidente? https://t.co/gbZ05k3QTs","""location"":""Porto Velho"""
Bolsonaro não está preso!!!! Só para lembrar... https://t.co/nq3cU6ZHVP,"""location"":null"
tem um pia na minha sala que é 10/10 só não eh meu crush pq tem umas ideias erradas inclusive apoia o bolsonaro,"""location"":""spfc ? fcb ? cavs"""
O Alckmin não decola ???? https://t.co/9lHZS5XiHM,"""location"":""Ferelden"""
"@pana_mericano @_oarroba @jovensreacinhas Encerro aqui também dizendo: que o povo já abriu os olhos, a mente é o coração para Bolsonaro.","""location"":""Rio de Janeiro - Brasil"""
conheço alguém.. eh contra o golpe e contra lula preso.. fora temer.. bolsonaro cuzao mas tem que morar NA PUTA QUE O PARIU,"""location"":""joao pessoa"""
"@clarkminaj eu acho que é mais pelo marido dela votar no bolsonaro e a militância ser fachada porque depois que ela casou, todo mundo começou a dar no pau! antes era ícone anitta hit e agora anitta: a ok vai lá com o bolsominion","""location"":""porto"""
"Mais um vídeo de Jair Bolsonaro. Compartilhe! Domingo, 03/junho. Maratona do Rio de Janeiro. Calado da Barra/RJ. - https://t.co/3NItHv6GHm https://t.co/lHcnYksIR7","""location"":null"
Here’s a song for you… Bolsonaro vai tomar no cú by Pichahttps://t.co/wQzj04ZEx8,"""location"":""fan account"""
"pq bolsominion argumenta sempre \""ah mas o bolsonaro nao eh corrupto\"" gente....... do que adianta pro país ele ser um lixao humano que so fala merda MAS OLHA ELE N EH CORRUPTO HEINNN ! nao entendo esse pensamento kkkk","""location"":""?"""
acho q eu nunca ia conseguir argumentar direito com algum eleitor do bolsonaro pq eu ia ficar com tanta raiva q eu so ia chamar ele de burro,"""location"":""?"""
"@FhernandaaRodri É preconceito por ser mulher, negra, do Acre. Esse povo é doente. Porque você acha que um Bolsonaro da vida ta vendo sucesso por aí e a maioria é classe média e alta.","""location"":""Manaus"
" Brasil"",Mas a esquerda é de esquerdista e Bolsonaro é um embuste. https://t.co/ynHZRWVWwd","""location"":""Ubatuba"
" Brasil"",@GalisteuOficial Quem tem um filho, irmão ou amigo homossexual deve ver isso. Até outubro, o presidenciável Bolsonaro vai tentar parecer o que não é, vai dizer que mudou, só para conseguir seu voto. Ele também está fingindo que é um liberal na economia. https://t.co/NIRrxcZ8CN","""location"":""São Paulo"
" Brasil"",@BlogdoNoblat Até as músicas dos que eram contra eram melhores naquela época. Mas como não se fazem mais generais como antigamente, que desperdiçaram uma chance com o movimento dos caminhoneiros que Lula, Chávez, Fidel,... não dispensariam, temos que ir com o capitão Bolsonaro agora. https://t.co/urGyGR58QU","""location"":""Rio de Janeiro"
" Brasil"",@GalisteuOficial \""A única coisa boa do Maranhão é o presídio de Pedrinhas\"". Que absurdo! Os maranhenses merecem respeito, Bolsonaro. Em 2014, você não ligava pra isso. Não era presidenciável. Notem a agressividade e as palavras de baixo calão usadas pelo deputado.Ele está falando com JORNALISTAS. https://t.co/Ec8MfxeNnT","""location"":""São Paulo"
" Brasil"",@iximila Bolsonaro vai tomar no cu","""location"":""fan account"""
"@GalisteuOficial Quem tem um filho, irmão ou amigo homossexual deve ver isso. Até outubro, o presidenciável Bolsonaro vai tentar parecer o que não é, vai dizer que mudou, só para conseguir seu voto. Ele também está fingindo que é um liberal na economia. https://t.co/TAVMd7XA48","""location"":""São Paulo"
" Brasil"",@BebelSherab @jairbolsonaro @rodaviva A atmosfera do Roda Vida é totalmente esquerdista. Bolsonaro terá que ir preparado porque será atacado.","""location"":""Águas Lindas de Goiás"
" Brasil"",@william_waack O final ficou esquisito. Afinal de contas, qual a alternativa para o corte proposto por Guedes?A necessidade de trazer uma carga negativa à candidatura de Bolsonaro leva ao ataque das poucas coisas que poderiam eventualmente dar certo. ?","""location"":null"
"uma conhecida do ensino médio me adicionou no falecido fb. fui olhar o perfil dela e posts de: orgulho de ser hétero, bolsonaro, intervenção militar, liberação de armas.......oh querida, continua sumida mesmo, obrigada","""location"":null"
Meu maior medo é de ter um filho e ele ser fã de rafa moreira e do bolsonaro.,"""location"":""MAO"""
"@cyrusafa @albertocalmeida Lula também diz isso, que a disputa será novamente entre PT e PSDB. Eu não acho.. pra mim, em um dos lados, o Bolsonaro engoliu o PSDB. Sei lá.. Lula entende muito de eleição.. mas continuo achando que não será PT x PSDB rs","""location"":null"
"Gostei de um vídeo @YouTube https://t.co/2L6SAowCGA ao Lobo 14: Bolsonaro, estilingues e alienígenas!","""location"":""Porto Alegre"""
Quando alguém diz que o Bolsonaro é mito etc. Eu penso... #TercaDetremuraSDV https://t.co/7TLB4LjCpv,"""location"":""Rio de Janeiro"
" Brasil"",Gostei de um vídeo @YouTube https://t.co/CDqKflc5N1 com Jair Bolsonaro | The Noite (20/03/17)","""location"":""Ribeirão Preto"
" Brasil"",A Globo News definitivamente INICIOU O ATAQUE AO CANDIDATO Bolsonaro, com a REEDIÇÃO DO CASO RIO-CENTRO e exposição de RELATÓRIOS ultra-secretos do FBI e CIA, que caíram nas mãos de REPÓRTERES políticos e policiais da GLOBO LIXO.","""location"":""Rio de Janeiro - Brazil"""
"O Globo está fazendo campanha alta contra o Regime Militar. Quanto mais a Globo faz campanha contra o Regime Militar, Jair Bolsonaro ganha mais força com seus eleitores...As redes sociais são mais fortes que os veículos de televisão, realidade ignorada.   https://t.co/pagllVCxLr","""location"":null"
"Para defender o direito de continuar recebendo DINHEIRO DO POVO BRASILEIRO, as organizações GLOBO tentarão derrubar o candidato Bolsonaro, atribuindo à ele toda responsabilidade pelos excessos dos GOVERNOS MILITARES.","""location"":""Rio de Janeiro - Brazil"""
naO VOTA NEM NO GRÊMIO DA ESCOLA VAI VOTA NO BOLSONARO 3 E MEIA DA MANHÃ E EU BERRANDO DE TANTO RI https://t.co/sJ4TeS007z,"""location"":""luna•anna•ana•sasa•helena"""
Gostei de um vídeo @YouTube https://t.co/6XYHOk28bN SE O BOLSONARO FOR ELEITO?,"""location"":""Maceió"
" Brasil"",Retweeted Bolsonaro Patriota (@BolsonaroPSL):Gay ou hetero, não importa.Importa é: honesto? trabalhador? tem bom caráter?Não deve existir nenhum grupo com superpoderes.Somos todos brasileiros. https://t.co/v0fRJrExAI","""location"":""Brasil"
" São Paulo"",Gostei de um vídeo @YouTube https://t.co/z2jReygoYg AMOR CHAMADO BOLSONARO","""location"":""Maceió"
" Brasil"",mais desnecessário que isso só o bolsonaro","""location"":null"
"Retweeted Flavio Bolsonaro (@FlavioBolsonaro):O cara que financia a instabilidade política, não respeita as decisões de países soberanos, dá dinheiro para militantes abortistas e que dividem a sociedade em função da cor da pele... https://t.co/yzYnPNNhNO","""location"":""Brasil"
" São Paulo"",Flavio Bolsonaro on Twitter https://t.co/SC9DKp0OQL","""location"":""Brasil"
" São Paulo"",Realmente Bolsonaro e Moro não estavam nos planos diabólicos da esquerdalha...","""location"":""porto alegre"""
@higorpaiva_ @wawlan Bolsonaro futuro presidente do Brasil ???,"""location"":""Brasil"
" São Paulo"",Jair Bolsonaro (PSL): “Só cabe à ele dizer se… https://t.co/Bbf1mWQXCY","""location"":""São Paulo"
" Brasil"",@folha Ditadura é o que temos na Venezuela, na Coréia do Norte, Cuba... O que o Brasil teria não fossem os militares. Vocês não falam a verdade porque aí não pinga a verba governamental na conta ne? Vocês são mais sujos que merda de estrebaria. Bolsonaro vem aí, tomara que mate vocês.","""location"":""Ibirubá"
" Brasil"",Gostei de um vídeo @YouTube https://t.co/aP7zHZ0Skfções 2018 - Jovem Pan sabatina Jair Bolsonaro","""location"":null"
"@jmagalhaes75 A cada dia que passa eu me sinto feliz em DECLARAR o meu voto para o candidato Bolsonaro. Temos que dar uma GUINADA de 180 graus em nossa política e só o Bolsonaro poderá realizar os projetos necessários para retirar nosso país DA LAMA, que o PT o colocou.","""location"":""Rio de Janeiro - Brazil"""
O problema é que a smartmatic vai inverter tudo isso. Duvidam ? https://t.co/0sYfsyT4Tx,"""location"":""Ibirubá"
" Brasil"",Agora to vendo a Joice X Frota se degladiando na rede, por mim tudo bem portanto que não atrapalhe o Bolsonaro tá tudo azul.","""location"":""."""
"O Bolsonaro não sabe escrever. Mostrem-me algum texto dele, uma crônica qualquer que tenha sido publicada. Não há.","""location"":null"
Acabei de ler no https://t.co/kPxpshdlWv https://t.co/Jhhlb7FTed,"""location"":null"
"Minha gente, bora acordar os vizinhos com as panelas e gritar BOLSONARO 2018 ?","""location"":""Manaus"
" Brasil"",@SpitfireAN Só pelo fato do Bolsonaro ter prometido que irá retirar os SUBSÍDIOS Federais das organizações GLOBO LIXO já merece o voto dos brasileiros que querem ver a EMISSORA sobrevivendo de TIRAGENS de jornais, forçando o povo a LER e se informar mais sobre assuntos RELEVANTES.","""location"":""Rio de Janeiro - Brazil"""
Acabei de ler no https://t.co/kPxpshdlWv https://t.co/UkNxRUBI16,"""location"":null"
"Retweeted Flavio Bolsonaro (@FlavioBolsonaro):Resposta de @jairbolsonaro sobre fechamento do Congresso, intervenção militar e democracia.Envie para seu amigo que adora atacar Bolsonaro sem ao menos conhecê-lo: https://t.co/JxEWLtqDRU #verdade","""location"":""Restinga"
" Brasil"",Gostei de um vídeo @YouTube https://t.co/HOwlMO8Jbz de Lula tenta intimidar Bolsonaro mas passa vergonha","""location"":""Brasil"""
"Por que assassinar a língua portuguesa? Track record é histórico, performou é desempenhou e por aí vai. https://t.co/SeysBD3lrI","""location"":""New York"
" USA"",Gostei de um vídeo @YouTube https://t.co/1mjcncCytC?Bolsonaro da resposta INESPERADA a Ciro Gomes após ataque em entrevista para","""location"":""São Paulo"""
"Retweeted Ponto Final (@rjdsantana1):Rede Globo, em total desespero, ataca a candidatura de Bolsonaro à Presidência. Jornal Nacional coloca seus jornalistas em posição de combate contra uma eleição que já está... https://t.co/IKNiX8R1Es","""location"":""Brasil"
" São Paulo"",Paulo Guedes defende Bolsonaro e dá aula de economia. https://t.co/XWh001gc4D via @YouTube","""location"":""British Columbia"
" Canada"",MOURÃO SERÁ CANDIDATO À PRESIDÊNCIA, SE BOLSONARO LEVAR RASTEIRA https://t.co/bbcH17N9Fb via @YouTube","""location"":""British Columbia"
" Canada"",Eu queria entender a que ponto chegamos na humanidade pra alguém ver Bolsonaro como mito, que venha o apocalipse logo mds","""location"":""Rio de Janeiro"
" Brasil"",@BolsonaroPSL @eduardocosta @jairbolsonaro @gusttavo_lima Votem em Bolsonaro e em Senadores e Dep. Federais que o apoiam, senão ele fica sozinho e vão boicotar , na hora de mudar o País para melhor.","""location"":null"
"Quando o candidato e ruim você prescisa apelar para o voto util 4 meses antes da eleição, buuuhhh vota no Ciro se não o Bolsonaro vai te pegar, usa esse argumento pras crianças que aqui não vai colar!!! https://t.co/kWO7YVGJla","""location"":null"
"@CarlosBolsonaro Pode ter certeza q quando a #Globolixo mostrar as pesquisas eleitorais, vão deixar bem claro e destacado : \""sem o ex presidente Lula nas pesquisas eleitorais\"" O deputado Jair Bolsonaro lidera a corrida presidencial.","""location"":""São Paulo - Brasil"""
bora pro piao quebrar retrovisor de carro q tem o adesivo do Bolsonaro,"""location"":""$P"
" FONTALIS ZN"",\""EU JÁ IA VOTAR NO BOLSONARO, AGORA, DEPOIS DE OUVIR ESSA ENTREVISTA, VOU FAZER ATÉ CAMPANHA\""... Publicado em 19 de Fevereiro de 2018 - by Sobrenatural Oculto, on YouTube Eu já ia votar no bolsonaro, agora depois de ouvir essa... https://t.co/sYJIWYFb1d","""location"":""Santos"
" SP, Brasil e San Diego, CA, EUA"",@CarlosBolsonaro Vai ganhar no 1 turno !Bolsomito neles","""location"":""Cartagena"
" Colombia"",@FernandoHoliday Divido muitos pensamentos e gostaria de saber de vossa excelência o Rodrigo Maia e melhor candidato que o bolsonaro a presidência","""location"":""Itapitanga"
" Brasil"",Apocalipse versículo 13 E eu pus-me sobre a areia do mar, e vi subir do mar uma besta que tinha sete cabeças e dez chifres, e sobre os seus chifres dez diademas, e sobre as suas cabeças um nome de blasfêmia. https://t.co/1wJeYEyD4n","""location"":null"
Retweeted #AdeusJulioCesar#eterno12 (@Suncao1981):@jairbolsonaro Vai ser no primeiro turno.. vamos com tudo Bolsonaro https://t.co/14BTlXBTgB https://t.co/2hF6OGetKj,"""location"":""Brasil"
" São Paulo"",@bockladoy Foi ironia sim @bockladoy Ela é eleitora do Bolsonaro, ex feminista e tal...Eu só complementei oq ela disse rsrs","""location"":null"
Retweeted Eduardo Bolsonaro (@BolsonaroSP):Se dizer isenta e direcionar a informação para que o público tenha a sua opinião... Isso configura censura ou só um aspecto de mau caráter mesmo?,"""location"":""Pátria amada Brazil"""
Vamos fazer uma gigante corrente em oração e apostar as fichas no nosso futuro presidente @jairbolsonaro. https://t.co/RwuL2dWZPE,"""location"":""Pátria amada Brazil"""
Cantor Latino defende Bolsonaro e Flávio Rocha: ‘têm convicção’ https://t.co/TL84LbhFsk,"""location"":""Varzea Paulista"
"SP, Brasil"",Retweeted Carlos Bolsonaro (@CarlosBolsonaro):A esquerda e seu inteligente interesse nas instituições de ensino. São suas galinhas dos ovos de ouro! https://t.co/NKjkud8g6W","""location"":""Pátria amada Brazil"""
Bolsonaro tem q se legalizar o traficante….,"""location"":""Osasco"
" Brasil"",Gente vergonhosa https://t.co/UNrH0PEaup","""location"":""Sao Paulo / Brasil"""
"Bolsonaro é moderado (e eu não digo isso como um elogio). A mídia é que fez o maior drama, mentiu demais e pintou um Bolsonaro que não existe. https://t.co/WAWMjxXgcf","""location"":null"
Nossas forças armadas valorosas desde sempre não se espelham em um soldado caricato para que se defendam. Esse vitimismo não cabe. Só oportunistas usam daa nossas fardas para se fingirem patriotas... https://t.co/9qgbQvvDG6,"""location"":""São Paulo"
" Brasil"",@HugoAg0g0 Mas o seu candidato Levi Fidelix não é conservador igual o Bolsonaro??","""location"":""São Paulo - Brasil"""
"Desejar a boca de alguém é um caminho sem volta, mas se votar em Bolsonaro volta sim","""location"":""Teresina mas nem tanto"""
"Verdadeiro comunismo: Bolsonaro Presidente e Rui Costa Pimenta, do PCO, vice. https://t.co/KnuvM2RbnH","""location"":""Santos"
" Brasil"",Não sei o que é pior, defender intervenção militar ou Bolsonaro e na minha família tem esses dois tipos de pessoas. Socorro amigos, socorro!","""location"":""Móoca"
" São Paulo"",@alvaromsantos1 Pois é, o Bolsonaro é o único que não está no STF por corrupção, aliás é perseguido pelo STF por usar seu direito de liberdade de expressão!!!Agora leia esta matéria:https://t.co/sYQom0tCZm","""location"":""São Paulo - SP - BRASIL"""
Cadê as pesquisas REDE GLOBO ??? Vocês estão escondendo  que Bolsonaro lidera todas elas...né !!! https://t.co/vOW8aZUiuG,"""location"":null"
"@enison_costa @jairbolsonaro Mas a globo detonou o lula, e não poupou o bolsonaro tmbm não.","""location"":""Brazil - Campo GrandeMS"""
A moça que trabalha comigo falou que não vota no Bolsonaro porque “dizem” que ele vai acabar com as aposentadorias. ? https://t.co/iH30cv871b,"""location"":null"
Qm aguentou corruptos ladrões babacas Lula e Dilma por 13 a hj pode mto bem aguentar Bolsonaro s/ nenhum ato d corrupção praticado. Querem desqualificá-lo c piadinhas bobas pq não encontram outra maneira. Qual candidato é sábio e honesto? Estou esperando. Vermelho não me serve. https://t.co/57v1wXH5Xh,"""location"":null"
Gostei de um vídeo @YouTube https://t.co/hLEY0PNtjl Pan: Jair Bolsonaro e os caminhoneiros.,"""location"":""São Paulo"""
Pesquisas conduziram nosso povo a viajar em manada e nos brindou com incompetentes Collor/Lula \u0026Dilma.  Uma nação que não aprende com seus erros tende a repetir. Queria saber como um presidente que diz inimigo de tudo e de todos governaria?Lula se fazia de vítima do SISTEMA ? https://t.co/C217xsG18t,"""location"":""São Paulo"
" Brasil"",@biiiancajdo Eu não tenho candidato ainda e estou perguntando sobre todos os candidatos. Vc gosta do Bolsonaro porque? O que ele já fez q vc achou bom? Quais propostas vc gostou?","""location"":""Manaus-AM-Brasil"""
@DrDanielSales alguém se torna cretino simplesmente por levantar denuncias com todas provas sobre um partido? e qual é exatamente a relação do bolsonaro com isso? por acaso todos esses links que você postou vai de alguma maneira redimir a culpa do partido NOVO diante destas denuncias?,"""location"":null"
Bolsonaro sobre o apoio a Hugo Chávez em 1999: https://t.co/bAcTiSKzHf @InformeRJO @jacare_online,"""location"":""Rio de Janeiro - RJ - Brasil"""
@joicehasselmann Bolsonaro não vai ganhar a eleição as urnas eletrônicas são fraudadas só intervenção militar ja salva o Brasil,"""location"":null"
@RachelSherazade BOLSONARO kkkkkkkk,"""location"":null"
"Cidadãos de baixa renda e mulheres, a resistência eleitoral a Bolsonaro . Bozonazi um caso de idiotia crônica.  https://t.co/shp9ZxpqzT via @cartacapital","""location"":""São José do Rio Pardo"""
"Dilmão além de dizer asneiras praticava asneiras todo dia dando grandes prejuizos a Nação. Hj querem desqualificar Bolsonaro dizendo q ele fala asneiras. Tá certo, depois dos gênios Lula e Dilma que quebraram o País fica muito difícil encontrar um candidato como eles.","""location"":null"
@jairbolsonaro Gente!!!!pelo amor de DEUS né?temos quecolocar Bolsonaro nesse negócio aí ó? # arriegua sô?para ver se faz a diferença aí só entra ladrão pelo omeno Bolsonaro não tem rabo preso com Fernando beramar onde o próprio foi bem claro na entrevista.,"""location"":""Conceição da Barra ES."""
@JacklouBrito @jairbolsonaro Bolsonaro e nosso,"""location"":null"
"Perto de casa tem uma escola Adventista e todos os dias , os alunos cantam hino nacional .Aonde estudei tbm existia essa prática Não precisa militarizar as escolas para ensinar patriotismo viu Bolsonaro? ???","""location"":""Florianópolis"
" Brasil"",@FlavioBolsonaro Bando de otario Bolsonaro e flamerda ? Vão ficar no Cheirinho ????","""location"":null"
"Retweeted Rafael Martelo (@rafaelmartelo):Quando o candidato e ruim você prescisa apelar para o voto util 4 meses antes da eleição, buuuhhh vota no Ciro se não o Bolsonaro vai te pegar, usa esse argumento pras crianças que aqui não vai colar!!! https://t.co/0WDPjf9ABy","""location"":""Teixeira - PB - Brasil"""
vi uma foto do mac demarco confundi com o bolsonaro eu juro que tento entender o que acontece com a minha vista desde 2013,"""location"":""senhor rebuceteio"""
"Bolsonaro contra o Plano Real, porque ? https://t.co/qVjx9tZW72 @InformeRJO @jacare_online https://t.co/UZA9ryF5Ih","""location"":""Rio de Janeiro - RJ - Brasil"""
"Bolsonaro sobre o apoio a Hugo Chávez em 1999, porque ?: https://t.co/bAcTiSKzHf @InformeRJO @jacare_online","""location"":""Rio de Janeiro - RJ - Brasil"""
@ManuelaDavila Acredito no meu presidente Bolsonaro 2018 !!!,"""location"":""Abu Dhabi"
" United Arab Emirates"",desculpa, aqui é Bolsonaro mesmo cuzão. https://t.co/8OvBcotVNe","""location"":""Itápolis"
" Brasil"",@eduardofalando @thisisrafav O robo do bolsonaro é real","""location"":""Belém """
"Memes sobre a ditadura militar e fotos com o Bolsonaro não merecem ser compartilhadas, muito menos serem motivos de risos.","""location"":null"
Bolsonaro falando asneiras poderá ser muito mais útil ao povo brasileiro do que qquer intelectual vermelho que na realidade só pensa em encher o bolso de dh público e gastá-lo dentro e fora do País.,"""location"":null"
Frota pegando o mito de jeito revezando https://t.co/TH88q5UQDv  yui t anal porn daddy fucks daughter at dixietrailerpark videos de mega penes gays enormes bolsomito bolsonaro 2018,"""location"":null"
O povo tá acordando e não quer mais sanguessuga. Mil vezes Bolsonaro falando asneiras q um ladrão no poder. Cansamos de ser idiota e de sermos roubados. Se falar asneira fosse impedimento Lula e Dilma nunca teriam sido Presidente do Brasil. https://t.co/6dkU4thiRB,"""location"":null"
Amazonas também é Bolsonaro https://t.co/4r9xsgr1Bb,"""location"":null"
@oniasviana @jornalnacional Isso é medo do Bolsonaro é meio obvio ou tentar manipular o brasileiro fazendo acreditar que o regime era pior ainda.,"""location"":""Algum lugar das terras tupiniquins"""
"Bolsonaro contra o Plano Real no passado, porque ? https://t.co/K4MiL5Q6mp@InformeRJO @jacare_online https://t.co/dNoBOgsBBZ","""location"":""Rio de Janeiro - RJ - Brasil"""
"Bolsonaro sobre o apoio a Hugo Chávez em 1999, porque ? https://t.co/bAcTiSKzHf @InformeRJO @jacare_online https://t.co/kZZSbbYWoS","""location"":""Rio de Janeiro - RJ - Brasil"""
Empresário oferece 20 milhões para quem apresentar um texto do Bolsonaro com mais de 10 linhas: https://t.co/5KToXMh2y0 via @YouTube,"""location"":""Brasil"""
gente? https://t.co/MnUniSXoPw,"""location"":""Rio de Janeiro"""
Também tenho 3:- vota Bolsonaro- finge que o PSDB não é Governo- apoia o meu Governo https://t.co/wZOzkVuH2P,"""location"":null"
nao acredito que eu li essa MERDA https://t.co/dR1a2l7LIQ,"""location"":""fan account || 230213"""
"@dcohen104 @ferrisss Mercado vai ler como Bolsonaro certo no segundo turno e Ciro ganhando nomentum. Ou seja, uma m...","""location"":""Rio de Janeiro"""
Tem que controlar mesmo na administração PTista só entrou beneficiários nunca saiu ou seja o cara vai morrer de velhice tendo o bolsa família emprego que é bom nada. https://t.co/PWhZ86SmIL,"""location"":""Goiania - GO"""
"Paulo Guedes no 19º Fórum da Liberdade (2006) https://t.co/xYLsDEbEcK via @YouTube eu já votar no Bolsonaro, agora a certeza aumentou","""location"":""São Paulo"""
"@PimentaWalace @freire_roberto O problema é que tem gente (o deputado inclusive) não se informa corretamente, acha que sente não tem nada a ver com saúde. Sendo que a dentição tem tudo a ver com a saúde. Bolsonaro falou corretamente.","""location"":""Campo Grande-MS"""
@nadanovonofront Mas sera algum debate sera mais importante q as fakes diarias do whats pro bolsonaro? Acho q essa galera num da margem p analise...sao filhos ds ignorância....qto pior melhor!!,"""location"":""Ubatuba. SP"""
"@realDonaldTrump Em 2019 o Brasil começa a caminhar rumo a essa meta, com Bolsonaro na presidência!","""location"":null"
É Bolsonaro e um índiota e teme quem quiser qui leve essa coisa boa pro ?,"""location"":""Ilha de Itamaracá"
" Brasil"",@aguedescartoon A impostura é o pior defeito d um político.Bolsonaro é um embuste bisonho q ñ se cansa d provar isso e os seguidores ñ se cansam d relevar.Farsante cuja pretensa honestidade é um álibi q se desfaz na própria impostura. Se alguma se provar contra Alckmin,q ele se acete c/a Justiça","""location"":""Ubatuba"
" Brasil"",@realDonaldTrump Muito bom!Espero o mesmo para o Brasil, com Bolsonaro na presidência!","""location"":null"
@joicehasselmann Vamos eleger BOLSONARO no primeiro turno!,"""location"":null"
"@ptbrasiI MAS BOLSONARO TA CERTO,O PT TRANSFORMOU QUEM RECEBE BOLSA MISERIA EM DEPENDENTES DO ESTADO E COM ISSO MASSA DE MANOBRA,VOTOS DE CABRESTO,BOLSONARO QUER DEVOLVER-LHES A DIGNIDADE,TRABALHO E RESPEITO,COISA QUE O PT NUNCA FEZ,POIS SÓ QUERIA SEUS VOTOS","""location"":""Atras do pé de gabiroba"""
Vejam o que eles querem fazer com nossas crianças. Será que você quer isso para sua familia???? BOLSONARO 2018 https://t.co/QjPSkWBsOU,"""location"":""Palmares - Pernambuco"""
Diferença entre o eleitor do Lula e o eleitor do Bolsonaro!!: https://t.co/5pzln6DaDM via @YouTube,"""location"":""Japão"""
"ah ta, é conta paródia bleh https://t.co/s9XTrabM1e","""location"":null"
Vamos pra cima destes esquerdistas...comunistas #BolsonaroNaVeia https://t.co/8JhXf3cz1J,"""location"":""Brasil"""
"@MatheusAlves_R @joaoamoedonovo Devemos agradecer ao lularápio, aquele amaldicoado, por ter abortado qualquer possibilidade - quando o carro elétrico estava em fase embrionária!  Vagabundo, canalha e covarde. Ele e toda a corja vermelha. Bolsonaro 2018","""location"":null"
"Gostei de um vídeo @YouTube https://t.co/sTLxBtMHHa já ia votar no bolsonaro, agora depois de ouvir essa entrevista, vo fazer ate","""location"":""muriaé"""
@jairbolsonaro Não vamos deixar acontecer também aqui no Brasil! Chegou à hora da mudança. Para o bem do povo e felicidade geral da nação. Bolsonaro 2018.,"""location"":""Jampa"""
VALÉRIA BOSTEIRO. BOLSONARO NELA. https://t.co/dYDZcQV6PO,"""location"":""Candeias - BA"""
"Em entrevista exclusiva para #YAP, Armelle Enders, historiadora francesa especialista doutora em história brasileira contemporânea,  analisa a Greve dos Caminhoneiros e as influências políticas do momento. Leia a prévia: https://t.co/Txdue9u6Fh#Eleições2018 #Greve #Bolsonaro","""location"":""Brasil"""
"URGENTE! Peço a todos q declaram q as próximas eleições vão consertar o país q informem quais são então os candidatos com reais chances e intenções de executar as reformas necessárias! Não vale dizer só o Bolsonaro porque sozinho, sem forte apoio político, ele não fará nada!","""location"":null"
"@UmaGataDeBotas Essa regra é você que está impondo: que impostura é pior do que corrupção - e nesse episódio, nem houve impostura do BolsonaroQuanto às provas contra o Alckmin, lembre-se que o povo que vota em Lula também argumenta do mesmo jeito","""location"":""Rio de Janeiro"""
Gostei de um vídeo @YouTube https://t.co/qjGwsILO4M?Bolsonaro arrasa matéria do JN e manda recado a Rede Bobo: Estão com medo de,"""location"":""Brasil"""
Gostei de um vídeo @YouTube https://t.co/2SDBO5WILC de Lula tenta intimidar Bolsonaro mas passa vergonha,"""location"":""Brasil"""
"\""Ain vc vai votar no Bolsonaro..?!\""\""Meu filho, eu só não voto duas vezes pq a lei nao me permite, talquei?\""","""location"":""Fortaleza"
" CE"",Vídeo: SBT mostra os imóveis luxuosos e evolução patrimonial dos Bolsonaro https://t.co/n1KodmF8rG","""location"":null"
momento mais sensato do Bakugou https://t.co/DTgmw2dyQy,"""location"":""Brasil"""
"Sobre privatizações, Jair Bolsonaro disse que:Reduzir ministérios, privatizar e até extinguir parte das estatais e dar nomes qualificados antecipadamente visando crescimento e não vitória em eleições são armas fortes contra a corrupção e ineficiência.","""location"":""São Paulo"
" Brasil"",@dellmascar @GiannellaFelipe @MerabeBichara @jaquesalcantar1 @henriolliveira @RIO450CAOS Leio bastante sobre conservadorismo e  acompanho quem pode agregar no meu conhecimento, Bolsonaro é o único candidato que apóia o conservadorismo e graças a ele muita porcaria foi barrada .","""location"":""Maceió """
"Pérsio Arida: \""Bolsonaro é um engodo, tão estatizante quanto a esquerda\"": https://t.co/QUA7dArsRY via @YouTube","""location"":null"
Vídeo: SBT mostra os imóveis luxuosos e evolução patrimonial dos Bolsonaro https://t.co/fJiH6RQtYy,"""location"":null"
Não acredito que CangaCiro tenha 21% https://t.co/0AqpjhRImE,"""location"":null"
se você falar bem de bolsonaro eu automaticamente desisto de vc,"""location"":""Brazil"""
"Jair Bolsonaro é líder e firma-se acima de 20% João Doria decepciona e empata com Alckmin, diz DataPoder360. Pesquisa nacional com 10.500 entrevistas  https://t.co/bOGJHlGkKy (via @Poder360)","""location"":""Brasília"
" DF, Brazil"",@Bopressor20 Bolsonaro poda ordem nesse Pais de desordeiros!","""location"":""Jampa"""
"Memes sobre a ditadura militar e fotos com o Bolsonaro não merecem ser compartilhadas, muito menos serem motivos de risos.","""location"":null"
Bolsonaro 2018 ?? — Sai daí assef kakak https://t.co/BhVDHPaAln,"""location"":""Santo Antônio de Pádua"
" Rio de"",@roxmo @radiobandnewsfm Bolsonaro vem ai fdp.","""location"":""Jampa"""
"Meu amor, você decide, ou você é eleitora de bolsonaro ou você é feminista, porque as duas coisas não da","""location"":""027"""
HAUAHAUAHAUAHUAAHUha https://t.co/KNUQ8wsrUR,"""location"":""São Paulo"
" Brasil"",URGENTE! BOLSONARO É AGREDIDO Por MILITANTE DO PCdoB e LEVA ESQUERDISTA PARA A POLICIA https://t.co/bqeoW9rtuT https://t.co/YIEz2UrXUF","""location"":""Worldwide"""
"Memes sobre a ditadura militar e fotos com o Bolsonaro não merecem ser compartilhadas, muito menos serem motivos de risos.","""location"":null"
@CarlosBolsonaro Eles estão se cagando de medo Bolsonaro bota ordem nesses folgados da imprensa principalmente à Globo.,"""location"":""Jampa"""
O brasileiro não aprende.... https://t.co/KrXEolJ29u,"""location"":null"
"@FR_BSB @Poder360 Graças ao desgoverno petista o Brasil está caindo no canto de sereia do populista @jairbolsonaro que se mostra como a única saída do buraco em que estamos, mas não é verdade, Bolsonaro é despreparado e não possui a competência necessária para guiar o país no cenário atual!","""location"":""Brasília"
" Brasil"",Verdade X Mentira... essa é a realidade dessa foto...Ciro gomes é uma fraude ambulante....demagogo memtiroso e acha somos tds idiotas... https://t.co/N9RvsyXavD","""location"":""araraquara - sp"""
"Esse povo da minha sala só sabe falar de Bolsonaro, ngm merece https://t.co/1752TyT3iz","""location"":null"
@rcp01 A juventude com Bolsonaro ???? Brasil acima de tudo e Deus acima de todos ????,"""location"":""Mogi das Cruzes-Brasil"""
Gostei de um vídeo @YouTube https://t.co/TPb0lrDVwQ!! BOLSONARO ABRE A BOCA E CONTA TODA PODRIDÃO DO GOVERNO TEMER,"""location"":""Sao Paulo SP"""
tive um pesadelo de um prof de sociologia q ele bolsonaro e o caralho a quatro obrigado claudina por existir,"""location"":null"
"Porque será que eu não estou surpreso que um coxinha ache impossível ler 55 páginas de um livro por dia?Isto só explica chamarem Bolsonaro de mito,pedirem intervenção militar e sairem as ruas batendo panelas a mando da Rede Globo.","""location"":""Porto Alegre"""
Agora é Bolsonaro ?#EuVotoBolsonaro17 https://t.co/L919YessZo,"""location"":""Uberlândia"
" Brasil"",@GABRlELPlNHElRO Se tá assim agora, tá na mesa a possibilidade de @jairbolsonaro Bolsonaro liquidar isso em primeiro turno. Chegaram a pesquisar quem o eleitor acha q ganha? Quando o Doria tinha 15% em 2016 uns 40% achavam q ele já ganhar","""location"":""São Paulo"
" Brasil"",@lc_busato Vamos de Bolsonaro prefeito!!","""location"":""Fátima"
" Canoas"",@Don___Charles Me chamar de vaca não me ofendeu nem um pouco, caso tenha sido essa a tua intenção ? inclusive me chama de vaca mas não me chama de eleitora de bolsonaro pf kkkkkkkkk","""location"":""Charqueadas"
" RS. "",tive um sonho mt loko, bolsonaro era presidente, armas legalizadas, dei um tiro no bolsominion da minha sala","""location"":""Blumenau"
" Brasil"",O que Magno Malta tem dito sobre ser vice de Bolsonaro https://t.co/2QOumJPyCj","""location"":""Praia Grande"
" SP"",Pesquisa DataPoder360 revela que Jair Bolsonaro (PSL) segue na liderança isolada na corrida pela Presidência da República: https://t.co/oNr7LHLU7i","""location"":""São Paulo-Brasil"""
Ainda bem kkkk tem coisa melhor que rir de idiotas? Isso aí Bolso! ?????? https://t.co/cxCUdSsM6v,"""location"":""Neverland"
" Hogwarts \u0026 Narnia"",@rosa_riscala essas eleições serão marcadas pelas mídias sociais, estou esperando para ver o impacto da mídia tradicional mas Bolsonaro ganha força entre a família tradicional conservadora, não sei se esse eleitorado se sustenta no longo prazo quando começarem os ataques.","""location"":null"
Está aí a receita.... https://t.co/NlJq3dVeGl,"""location"":null"
@FR_BSB @Poder360 Bolsonaro é a cara da.grande mídia brasileira e seus blogs porcaria,"""location"":null"
"@Maropomo @Dr___Evil @HugoAg0g0 @pdevechi @BlogOlhoNaMira @RoLeoni @Boscardin Eu vou votar no Bolsonaro. Dos nomes que se apresentam, é o menos envolvido em crimes e falcatruas","""location"":""Manaus Brasil"""
se as mulheres não são as donas desse país eu sinceramente não sei quem pode ser https://t.co/vME2kF4OLP,"""location"":null"
Bakugou alem de lindo e sensato https://t.co/6lEUtoeyv1,"""location"":""Hope World"""
Quem lidera as pesquisas é Bolsonaro. https://t.co/0kWvA1FHo9,"""location"":""POLITICAMENTE INCORRETO"""
"Quem diria que o Ciro é quem está despontando como a opção anti-Bolsonaro. Problema é se ele vai convencer as pessoas do centro, uma vez que vai receber apoio da esquerda e a esquerda está manchada. A questão é quem o PSDB vai apoiar. https://t.co/qHTfZfJRAm","""location"":""São Paulo"
" SP, Brasil"",@ApolynarioNatan @MaiaHecttor @expressovitoria @Varleybolsonaro @DoentesPFutebol @nikebrasil tinha que ser robo do bolsonaro","""location"":null"
mulher ainda vai mandar no mundo https://t.co/9GRvh70RCa,"""location"":""fan account."""
@Y_Lucas_Br @Claudia70245697 @jairbolsonaro @eduardocosta Quem quer acabar com o Bolsa-familia é porque quer ver pobre se fudendo. Bolsonaro usou esse argumento desde 2010...hoje vai manter o BF,"""location"":""Malmö"
" Sverige"",@edmarpaz @fernandatanaka_ @jairbolsonaro Vai ser difícil que BOLSONARO, O PRÓXIMO PRESIDENTE DO BRASIL, vire gay e ande com uma faixa dessas que pede a legalização da pedofolia.Esses anormais devem ser impedidos.","""location"":null"
"\""Bolsonaro é um engodo, tão estatizante quanto a esquerda\"",diz Pérsio Arida.\""Essa vai ser difícil contradizer\"".","""location"":null"
medo do bolsonaro ganhar a eleição,"""location"":""konoha"""
Temos que JAIR nos acostumando com a ideia de termos BOLSONARO como presidente do BRASIL!!! https://t.co/IrH3W1WjUt,"""location"":""Brazil"""
"@g1mundo 2019...... é logo ali. JAIR MESSIAS BOLSONARO PRESIDENTE DO BRASIL. VAI SER DE \""LAVADA\""","""location"":null"
@FR_BSB @Poder360 Vocês deveriam ter simulado Bolsonaro e Álvaro Dias no segundo turno.,"""location"":""Curitiba"
" Brasil"",Precisa ficar muito claro: o único candidato de direita que defende todas as pautas conservadoras e combate todas as pautas esquerdistas é Jair Messias Bolsonaro. Para quem não entende ou não sabe qual seu espectro político https://t.co/EzziIPxTlY https://t.co/94eDpxutBa","""location"":""Uberaba"
" Brasil"",@DandreaGremio @crauss82 Petista detected, defensor de corrupto detected, fala mais como é criticar o Bolsonaro. Vergonha é pouco, vc querendo me dar lição de moral.","""location"":""Florianópolis"
" Brasil"",Gostei de um vídeo @YouTube https://t.co/7NdmfhHa7C Gomes DESMONTA Bolsonaro em ECONOMIA humilhante","""location"":""Brazil"""
Pesquisa de intenção de votos para presidente realizada pelo @poder360Abaixo link para acesso: https://t.co/NyfnVEVuOw,"""location"":""Sergipe"
" Brasil"",Maçons e ativistas na ‘guerrilha’ Bolsonaro https://t.co/DqD2qenCsM","""location"":null"
@claudiotognolli Vamos de 1 turno!! Bolsonaro 2018 ! Sou ex eleitor do PSDB ou seja Psdb nunca mais!,"""location"":""Poa"
" Brasil"",@Desesquerdizada Imagine se usar o mesmo critério pro líder supremo Bolsonaro. Mas nunca vão fazer isso pq vcs são desonestos","""location"":null"
"Ops! Então retiro seu nome dos respaldo, hehe https://t.co/HDV7Wfy7xq","""location"":""Eunápolis"
" Bahia, Brasil"",@Maropomo Pode deixar... É só não me ofender, como os demais costumam fazer gratuitamente com os eleitores do Bolsonaro.","""location"":""Manaus Brasil"""
@diogomainardi Qualquer candidato vence o Bolsonaro no 2 turno. Pode ter  certeza.,"""location"":null"
@diogomainardi Cuidado em qual pesquisa? As que indicam Lula na frente ou as que indicam Bolsonaro.,"""location"":""? Deus"""
@FR_BSB @Poder360 Qualquer candidato vence Bolsonaro no 2 turno. Pode ter certeza,"""location"":null"
"Jamais faria isso, não é minha prática. Tento até não ofender os candidatos, embora eles e seus eleitores se sintam ofendidos de vez em quando. https://t.co/8ikak10ba9","""location"":""Eunápolis"
" Bahia, Brasil"",RT @YodaSapiens_29 Bolsonaro dispara! É melhor Jairseacostumando. https://t.co/hJVmYrJBYq","""location"":null"
"Em vez de derreter, Bolsonaro dispara!Se as pesquisas oficiais mostram estes números, imagina o que deve ser a REALIDADE!#VotoImpressoJá https://t.co/CgJaebxARu","""location"":""Shanghai"""
Meu Deus! https://t.co/0SS20MKZhP,"""location"":""Brasília-DF Brasil"""
Mas o Blsonaro é mais estatizante que esquerda! Portanto Votar nele é como cair da frigideira e cair  no fogo.Não voto nele nem com uma 12 na cabeça! https://t.co/2NPgQidsG9,"""location"":""Goiânia"
" Brasil"",Gostei de um vídeo @YouTube https://t.co/6ZeCLRPLqM falar do Bolsonaro","""location"":""Brasil"""
Não chega a ser um absurdo ser um eleitor do Bolsonaro. A gente entende e até perdoa. Agora mudar o nome da conta no facebook pra Jair Mito Messias Bolsonaro é muito difícil de digerir.,"""location"":""Rio de Janeiro"
" Brasil"",#BolsonaroPresidente . O Brasil vai mudar. https://t.co/arYmp9gc1S","""location"":""Capão Redondo"
" São Paulo"",Pesquisa Datapoder de hoje coloca Bolsonaro na liderança disparado! Agora entendemos o motivo de tanto desespero da rede Globo! Vai acabar a mamata, vai receber apenas o quê sua audiência lhe garante!","""location"":null"
"@PaodoraHaruka O \""Bolsomito\"" de vocês foi convidado, mas arregou,ops, quer dizer ele não confirmou a presença ainda","""location"":null"
Os altos índices de rejeição do governo são uma estratégia do Bolsonaro para controlar o PT! #DesculpasDoPT,"""location"":""Brasil"""
\u003e@EstadaoPolitica Maçons e ativistas na 'guerrilha' Bolsonaro https://t.co/Itsn5B5sdI https://t.co/5Zx2u43SYe,"""location"":""São Paulo"""
bolsonaro vem pra aracaju vamo juntar pedra pra tacar nele,"""location"":""Oslo"
" Norway"",@SandraLuziaPaz @elisangelaqueli @ezequiel_tav @mdenser @SrtaBolsonara @crisstianerc PL 5398/2013 Projeto de LeiAutorJair BolsonaroApresentação17/04/2013Explicação da EmentaAumenta a pena para os crimes de estupro e estupro de vulnerável, exige que o condenado por esses crimes conclua tratamento químico para inibição do desejo sexual!Me fale do seu???","""location"":null"
"Bolsonaro dispara   Uma pesquisa divulgada por um site mostra Jair Bolsonaro disparado em primeiro lugar, com o dobro de votos do segundo classificado, Ciro Gomes.     https://t.co/TQ7nUsmAZi","""location"":""ARACAJU-SE-BRASIL"""
"Os carreiristas que dizem que é preciso respeitar \""a fila\"" (como se fila houvesse e não um \""coliseu\"": o objetivo é entregar concorrentes - e aliados inclusive - aos leões) mataram os outsiders com voto (incluindo Doria). Agora arriscamos ter um esquerdista x Bolsonaro? Bela obra!","""location"":""Brasil"""
"Ontem o dia começou tão merda que parei do lado de um carro com adesivo \""Bolsonaro 2018\"" mas aí tive notícias ótimas e uma experiência incrível que recuperou minha fé no universo","""location"":""Teresina"
" Brasil"",um cara acabou de me mandar uma msg dizendo q se eu fosse eleitora do bolsonaro seria “completa” mano ???????????????????? chorei sangue","""location"":""Palmas"
" Tocantins"",@carlosapmarques O parâmetro é \""pesquise e escolha o seu candidato\"" ou \""que não seja o Bolsonaro\""???","""location"":""Brasil"""
"Depois da entrevista de ontem no Roda Viva, o centro e a esquerda não corrupta (sim, existe!) deveria pensar em começar a olhar bem para Alvaro Dias e desistir, de vez, de esperar milagres de Alckmin ou Meirelles. https://t.co/oHTE533dL5","""location"":""Rio de Janeiro"""
"Uma pesquisa divulgada por um site mostra Jair Bolsonaro disparado em primeiro lugar, com o dobro de votos do segundo classificado, Ciro Gomes.Ele tem entre 21% e 25% e o candidato do PDT aparece, no máximo,... https://t.co/HSF354KgSt","""location"":""Natal- RN -  Brasil """
@SchuldinerKrieg Do princípio ao fimBOLSONARO PRESIDENTE????,"""location"":null"
@Nelsonfsilva1 Globo News está se borrando de medo do Bolsonaro!!!!!!!,"""location"":""Uberlândia"
" Brasil"",Bolsonaro é líder ISOLADO Doria decepciona e empata com Alckmin, diz DataPoder360 https://t.co/L1fV1UQePs via @Poder360","""location"":""Belém-PA"
" Brasil"",Pergunto de novo. O que melhorou? Mais dinheiro no bolso? Estou cagando para os sindicatos, mas não melhorou nada. Essa nova lei foi só um engodo para brasileiro bater palma enquanto a mudança na CLT só melhorou para grande empresário. https://t.co/NXz6TFbrTA","""location"":""Rio de Janeiro"""
"Bolsonaro é líder isolado Doria decepciona e empata com Alckmin, diz DataPoder360 https://t.co/L1fV1UQePs via @Poder360","""location"":""Belém-PA"
" Brasil"",Data folha e IBOPE kkkkk https://t.co/X2rsVmUD9M","""location"":""São Paulo"
" Brasil"",Marketing politico! Nas eleições todos politicos mentem igual ao Bolsonaro.Que a vida toda foi estatizante. Votou sempre como estatizante. E agora faz uma profissão de fé liberal!Mente como rodo politico em ano de eleição! https://t.co/wbdhprbUK1","""location"":""Goiânia"
" Brasil"",botei até música mais alta pra evitar ouvir a da conversa do fã clube do bolsonaro e do lula aquigente são 7 horas da manh pfvr não se grita merda no ônibus esse horário","""location"":""ctur"""
Maçons e ativistas na 'guerrilha' Bolsonaro @estadao:  https://t.co/gdhbaonSWT Eu apoio.,"""location"":""Guará"
" Brasília"",@BouloseSonia18 @FelipeSRamos93 @rrbelle @jairbolsonaro @mtst Ou seja vagabundo profissional. Bolsonaro 2018 LEVA NO PRIMEIRO TURNO! E elege sucessor!","""location"":""Brasil"""
Por isso eu falo que Maçon e lixo a mesma coisa. E as vezes o Lixo é mais digno https://t.co/tRqNmI1QKQ,"""location"":""TARDIS"""
Bolsonaro estará em Aracaju dia 7 de Junho. Vamos prestigiar. https://t.co/AJakpa8Otc,"""location"":null"
"Bolsonaro vence e Paulo Guedes convence.O vídeo é longo. Eu o ouvi no carro, a caminho do trabalho. Excelente.Seria bom que os outros membros da futura equipe de governo expusessem seu pensamento, como o Paulo Guedes fez.https://t.co/ez4jIgVLW3","""location"":""Brasília"
" Brasil"",@lui4405732 @jairbolsonaro Verdade, eu não estou questionando o q vc disse. Só falei pra vc procurar as reformas sociais e posições exonomicas do Bolsonaro.","""location"":null"
@claudiotognolli jamais me curei a está candidatura . Acho ele um tremendo ignorante e a culpa desta liderança não é dele e sim da população de novo sem preparo para eleger seus representantes. https://t.co/yAzX0sBljF,"""location"":""Ribeirão"
" Brasil"",Muito preocupante...Pela primeira vez Bolsonaro ganha no 2º turno nas simulações. Na verdade, ele ganha para a omissão, pois em todos os cenários testados de... https://t.co/Jjts7F4aRD","""location"":""Bezerros/PE"""
"@EdicarlosOli @mariosabinof Não sou Bolsonaro, mas me parece que o alvo indireto é ele. Ou então planejam um golpe e tentam desmoralizar o Exército antes, para não ter reação.","""location"":null"
@jairbolsonaro @eduardocosta Eduardo Costa e Gustavo Lima nunca mais serão chamados para se apresentar na globo!#Bolsonaro2018 #BolsonaroPresidente #Bolsonaro,"""location"":null"
A Rede Globo não compara mais TRUMP com Bolsonaro pq? Pq não mostra as pesquisas? Bolsonaro na frente ia fazer um monte de GENTE que VOTA em quem está ganhando votar em Bolsonaro né? ?????CRISTÃO NÃO VOTA NA ESQUERDA https://t.co/wN0Mcl9vgG,"""location"":null"
Caetano apoia Ciro e você ai babando Bolsonaro kkkk https://t.co/6M8PQbL9mb,"""location"":""São Luis MA Brasil"""
\u003eEstadaoPolitica Maçons e ativistas na 'guerrilha' Bolsonaro https://t.co/7UiLZfN9aY https://t.co/8FhFdwlYHI,"""location"":""Brasil"""
"@gabrielsouzafil @juniortorino73 @marianasousa123 @WegdonP @ManuelaDavila Quanto amor. Qual o problema do cara votar no Bolsonaro? Os ditadores q vcs defendem são homens: Che, Fidel, Maduro,Lula...ah e Pablo Vittar, q não é ditador apesar de ser cantora é homem tbm. Então acho q essa raça não é tão nojenta","""location"":""Brasil"""
Nego acha que votando no Bolsonaro vai ter dinheiro pra comprar arma KKK,"""location"":""Maricá"
" Brasil"",Até o @augustosnunes no meio usando rótulos... mas acho que ele aprendeu com isso e ao lado do @BlogDoPim tem feito jornalismo e por isso o @OsPingosnosisJP tem sido o sucesso que é!Aqui no Brasil vai dar Jair Bolsonaro, tá ok!? https://t.co/oett37EXuB","""location"":""Porto Alegre"
" Brasil"",@omatheuslima_ @rodaviva Se já convidaram pessoas a dedo para entrevistar Álvaro Dias, quem será que vão convidar para entrevistar Bolsonaro?","""location"":null"
Deixa Bolsonaro assumir para a vagabundagem se alvoroçar. https://t.co/LD2tErqG07,"""location"":null"
"Bolsonaro é líder Doria decepciona e empata com Alckmin, diz DataPoder360 https://t.co/BXhSXJL7Ol via @Poder360","""location"":"" Brazil"""
Me ha gustado un vídeo de @YouTube (https://t.co/5UmFlRu6Am - Presidiários de MG mandam recado e Bolsonaro deixa a dica).,"""location"":null"
"DataPoder360 gigante: Bolsonaro consolidado, Alckmin e Doria igualmente mal e Haddad já numericamente à frente dos dois https://t.co/zy2AqyEB8c","""location"":null"
Os brasileiros caminham para a verdadeira Intervenção na Política: @jairbolsonaro Leia mais: https://t.co/Radr8C4ej8,"""location"":""Paraná/Brasil"""
@yagomelo16 @conexaopolitica Pesquisa só na apuração.....Bolsonaro 2018,"""location"":""Carpina"
" Brasil"",@diogomainardi O medo é generalizado... Bolsonaro é a intervenção chancelada pelo voto... Não existe outra solução para esse país se não for o Bolsonaro, não esperem mudanças com os candidatos que estão na disputa. Eles não tem compromisso com a família nem com a nação!","""location"":""Brasil"""
Aquele abraço!!! https://t.co/gLxoEzOQR4,"""location"":""magalhães de almeida"""
Gostei de um vídeo @YouTube https://t.co/ROXvHWJUKi Bolsonaro explica como é feito o embarque em aviões (MAI/2018),"""location"":""São Paulo"
" Brasil"",@FR_BSB @Poder360 Essa teoria que o Bolsonaro iria se desidrata sem o lula já foi pro ralo, o candidato só cresce.","""location"":null"
"Dá no 1º turno, somente se derem ´´golpe`´ com as urnas eletrônicas. Classe média no Brasil inteiro é na sua maioria Bolsonaro, a pobreza é metade, só os ´´bonitos`` que ou vão contra ou pior, acham desculpas para não votar num homem de coragem. https://t.co/yFHh01Y9EE","""location"":""Palmas - TO - BR"""
"@diogomainardi Essa pesquisa se aproxima do movimento que vemos nas ruas. Se a eleição fosse hj, certamente a vitória seria de Bolsonaro.","""location"":""Planet Earth"
" Crust, Highlands, DF, BSB."",Bolsonaro chega a 25% em pesquisa  https://t.co/8jS6cbOHE0","""location"":null"
querer tirar o temer e votar no bolsonaro é a mesma coisa que cagar e não limpar o cu,"""location"":""Lana del rey"""
Pesquisa DataPoder360 apontando Jair Bolsonaro e Ciro Gomes no segundo turno. Que belo cenário de caos para começar a nossa terça-feira.,"""location"":""Florianópolis"""
"@N_Carvalheira URGENTE! Peço a todos q declaram q as próximas eleições vão consertar o país q informem quais são então os candidatos com reais chances e intenções de executar as reformas necessárias! Não vale dizer só o Bolsonaro porque sozinho, sem forte apoio político, ele não fará nada!","""location"":null"
"deixamos passar de qualquer jeito, somente agora vimos que o Brasil é riquíssimo, e nós somos pobres, e não temos segurança, educação , saúde. nosso dinheiro é administrado por bandidos. vejam a pergunta que farei ao Bolsonaro. Bolsonaro, faz quase 30 anos que vocês está na","""location"":null"
Vi as pesquisas do @Poder360 e o Bolsonaro tem no mínimo o dobro de votos envergonhados. Dependendo do que aconteça  pode realmente levar em primeiro turno. (o nunca Bolsonaro da uma risada nervosa no bistrô e café que está tomando Kopi Luwak pensando hauahaua impossível) https://t.co/Q0QXUttJVU,"""location"":null"
O Alckmin lançou o app Talckmin.O Bolsonaro podia lançar o app Talquei? #alckmin #talckmin    #Bolsonaro2018 #Bolsonaropresidente @jairbolsonaro @geraldoalckmin,"""location"":""Santo André"
" Brasil"",@Estadao @ECantanhede Estão querendo diminuir o Bolsonaro de qualquer jeito...","""location"":null"
"@Estadao @ECantanhede Só na cabeça de vcs , kkkk vamos ter o primeiro governo honesto https://t.co/JqAu4ktE7e direita depois do regime militar BOLSONARO VEM AI .","""location"":""rio de janeiro"""
bolsonaro dano show de humildade meu voto é seu ????fé e força sabedoria e Deus no coração podemos melhorar esse brasil sim   https://t.co/pxfy4AQPiq,"""location"":""Barra de São Francisco"
" Brasil"",@ManuelaDavila Obrigada por fazer campanha para o Bolsonaro, eu sempre soube que vc tinha alguma utilidade...","""location"":""Brasil"""
Tô esperando o que tbm de uma pessoa quer votar no Bolsonaro.,"""location"":null"
"Thales é eleitor do Bolsonaro e eu não. Mas isso NUNCA abalou a nossa amizade, pois batalhas se vencem nas ruas/urnas. Quando eu \""apanhei\"" foi ele quem me ajudou e colocou cara a tapa por mim.Resolvam com argumentos plausíveis e não com \""parabéns pela coragem porque noção,,,,,\"" https://t.co/zuakz5Mywr","""location"":""ni - bxd - errejota """
Gostei de um vídeo @YouTube https://t.co/dTw4Fg6ptO Costa se revolta e grava vídeo ao Bolsonaro,"""location"":""São Paulo"
" Brasil"",Me ha gustado un vídeo de @YouTube (https://t.co/LQuA9DL6Jy - Jair Bolsonaro AINDA não foi assassinado por um milagre. Entenda os","""location"":null"
"@rodrigoprado @DCM_online @cirogomes E Lula preso com um Bolsonaro  ou alckmin de presidente corre sérios riscos, inclusive de vida. Não acho que podemos nos dar ao luxo de perder essas eleições.","""location"":null"
"@Estadao @EstadaoPolitica Não pera! O problema não é votar em Bolsonaro, até eu já cogitei essa idéia. Agora, ficar praticamente \""adorando\"" um político que ainda não foi eleito e não realizou suas promessas? Não é melhor esperar um pouco?","""location"":""São Luís"
" Maranhão"",Esses canalhas estão espalhando, por exemplo, entre milhares e milhares de seguidores (fora WhatsApp), que se a \""solução Bolsonaro\"" não funcionar nas urnas, um golpe militar é desejável. Você não está batendo palmas, mas os malucos já estão dançando. É uma fucking rave já.","""location"":""São Paulo"
" Brasil"",Ganho para ficar 4 anos. É a ganancia https://t.co/x8UUrKpGeU","""location"":""Brasil"""
"@diogomainardi Dei um print aqui. Quando as urnas se abrirem  e o Bolsonaro levar no primeiro turno, faço a postagem aqui nos comentários. Rsrs","""location"":""Brasil"""
acordei mais doente que eleitor do bolsonaro,"""location"":null"
"Bolsonaro é líder Doria decepciona e empata com Alckmin, diz DataPoder360 https://t.co/6bMzW7bDOQ via @Poder360","""location"":null"
"@reinaldoazevedo Geralmente quem esculacha o RA nas redes tem o mesmo perfil, esquerdinha fora Temer da Vila Madalena, ou lavajatista verde amarelo Bolsonaro eu não sou corrupto. Acéfalos.","""location"":""São Paulo"
" Brasil"",Ganhou para ficar 4 anos. É a ganância https://t.co/x8UUrKpGeU","""location"":""Brasil"""
"@ferrisss @rosa_riscala Se Doria não se candidatar, Bolsonaro leva fácil essa eleição.","""location"":""Recife"
" Brasil"",\u003eEstadaoPolitica Maçons e ativistas na 'guerrilha' Bolsonaro https://t.co/lU5p2ncYzP https://t.co/HIaVnMlvJ2","""location"":null"
Alckmin diz que Bolsonaro é estatizante. https://t.co/AnnPBhm65t,"""location"":""Brasil"""
vontade de fazer um molotov pra tacar no outdoor do bolsonaro que tem no meu bairro,"""location"":""Rio de Janeiro"
" Brasil"",@rosalvobarsa @diogomainardi Obrigada... Bolsonaro é o pavor dessa turma, que se acha preparada para ensinar tudo a vc, mas é incapaz de colaborar com ideias que possam ser implementadas pelo o próximo presidente.","""location"":""Brasil"""
@Estadao @ECantanhede #Bolsonaro é a ÚNICA SAÍDA!!!!,"""location"":""Curitiba - PR"""
Eu apoio Bolsonaro. https://t.co/WxVG5KkJRg,"""location"":""Joinville SC"""
Jair Bolsonaro NÃO É nazista https://t.co/FaYjhCifey via @YouTube,"""location"":""Rio de Janeiro"
" Brasil"",Gente, não adianta nada falar fora temer, e votar no Bolsonaro","""location"":null"
"(Na vdd nem vejo promessa alguma do Bolsomito, só populismo e oba-oba. Por isso meu voto é no @joaoamoedonovo)","""location"":null"
"Bom dia, pessoal! @cirogomes se consolida no segundo lugar e o leitor do Bolsonaro é volátil. Qualquer candidato pode entrar na sua bolha com facilidade. O resultado não é nada bom para @MarinaSilva tem que começar uma campanha urgente! #Eleições2018 https://t.co/X5oWK0D48w","""location"":""Santo André"
